Time Stamp(hhmmss),Wind Speed (m/s),Wind Gust (m/s),Wind Dir (°).,Air temp. (°C),Air Hum (%),Air pre. (hPa),Sun rad.(W/m²),Gamma rad. (CPM),Preci.(mm)
000053,2.6,3.7,215.8,7.9,82.7,1009.8,-5.3,0.0,0.0,0.0,0.0,0.0
000153,2.6,3.4,216.5,7.9,82.7,1009.8,-5.3,0.0,0.0,0.0,0.0,0.0
000253,2.8,3.7,212.6,7.9,82.7,1009.8,-5.3,0.0,0.0,0.0,0.0,0.0
000353,2.3,3.4,214.7,7.9,82.7,1009.8,-5.3,0.0,0.0,0.0,0.0,0.0
000453,2.6,3.1,216.1,7.9,82.0,1009.8,-5.3,0.0,0.0,0.0,0.0,0.0
000553,2.6,3.4,195.2,7.9,82.0,1009.8,-5.3,0.0,0.0,0.0,0.0,0.0
000653,2.2,2.8,210.9,7.8,82.0,1009.8,-5.3,0.0,0.0,0.0,0.0,0.0
000753,2.1,2.8,209.2,7.8,82.0,1009.8,-5.3,0.0,0.0,0.0,0.0,0.0
000853,1.9,2.5,207.1,7.8,82.7,1009.8,-5.3,0.0,0.0,0.0,0.0,0.0
000953,1.5,1.9,199.4,7.8,82.7,1009.8,-5.3,0.0,0.0,0.0,0.0,0.0
001053,2.1,2.8,204.3,7.8,82.7,1009.8,-5.3,0.0,0.0,0.0,0.0,0.0
001153,2.1,2.5,208.8,7.8,82.8,1009.8,-5.3,0.0,0.0,0.0,0.0,0.0
001253,2.3,2.8,227.3,7.7,83.0,1009.8,-5.3,0.0,0.0,0.0,0.0,0.0
001353,1.6,2.5,232.9,7.7,83.0,1009.8,-5.3,0.0,0.0,0.0,0.0,0.0
001453,1.9,2.5,215.1,7.7,83.5,1009.8,-5.3,0.0,0.0,0.0,0.0,0.0
001553,1.9,2.8,225.2,7.7,83.5,1009.8,-5.3,0.0,0.0,0.0,0.0,0.0
001653,2.2,3.4,240.6,7.7,83.5,1009.8,-5.3,0.0,0.0,0.0,0.0,0.0
001753,2.3,3.7,251.4,7.7,83.0,1009.8,-5.3,0.0,0.0,0.0,0.0,0.0
001853,2.5,3.7,238.5,7.7,83.0,1009.8,-5.3,0.0,0.0,0.0,0.0,0.0
001953,2.7,4.0,225.2,7.8,82.8,1009.8,-5.3,0.0,0.0,0.0,0.0,0.0
002053,2.6,3.7,233.6,7.8,82.8,1009.8,-5.3,0.0,0.0,0.0,0.0,0.0
002153,2.2,3.7,223.5,7.8,82.8,1009.8,-5.3,0.0,0.0,0.0,0.0,0.0
002253,3.1,4.4,243.0,7.8,82.8,1009.8,-5.3,0.0,0.0,0.0,0.0,0.0
002353,3.0,4.7,259.4,7.8,82.7,1009.8,-5.3,0.0,0.0,0.0,0.0,0.0
002453,3.0,4.4,237.1,7.8,82.7,1009.8,-5.3,0.0,0.0,0.0,0.0,0.0
002553,2.4,3.1,251.4,7.8,82.7,1009.8,-5.3,0.0,0.0,0.0,0.0,0.0
002653,3.0,4.4,224.9,7.8,82.7,1009.8,-5.3,0.0,0.0,0.0,0.0,0.0
002753,2.0,3.1,231.5,7.8,82.7,1009.8,-5.3,0.0,0.0,0.0,0.0,0.0
002853,2.6,4.4,250.0,7.9,82.7,1009.8,-5.3,0.0,0.0,0.0,0.0,0.0
002953,1.8,3.1,244.1,7.9,82.7,1009.8,-5.3,0.0,0.0,0.0,0.0,0.0
003053,2.3,3.1,254.5,7.8,82.7,1009.8,-5.3,0.0,0.0,0.0,0.0,0.0
003153,3.0,3.7,231.1,7.8,82.7,1009.8,-5.3,0.0,0.0,0.0,0.0,0.0
003253,2.8,4.4,247.9,7.8,82.7,1009.8,-5.3,0.0,0.0,0.0,0.0,0.0
003353,2.7,3.4,249.6,7.8,82.7,1009.8,-5.3,0.0,0.0,0.0,0.0,0.0
003453,2.8,4.0,244.8,7.8,82.7,1009.8,-5.3,0.0,0.0,0.0,0.0,0.0
003553,2.2,3.1,246.1,7.8,82.7,1009.6,-5.3,0.0,0.0,0.0,0.0,0.0
003653,2.5,3.4,245.5,7.8,82.7,1009.8,-5.3,0.0,0.0,0.0,0.0,0.0
003753,2.6,3.4,252.8,7.8,82.7,1009.6,-5.3,0.0,0.0,0.0,0.0,0.0
003853,2.7,3.7,255.6,7.8,82.7,1009.8,-5.3,0.0,0.0,0.0,0.0,0.0
003953,2.2,2.8,248.9,7.8,82.7,1009.6,-5.3,0.0,0.0,0.0,0.0,0.0
004053,2.6,3.7,251.0,7.8,82.7,1009.6,-5.3,0.0,0.0,0.0,0.0,0.0
004153,1.9,2.5,232.2,7.8,82.8,1009.6,-5.3,0.0,0.0,0.0,0.0,0.0
004253,2.1,3.1,225.2,7.8,82.8,1009.6,-5.3,0.0,0.0,0.0,0.0,0.0
004353,1.9,2.8,256.3,7.8,82.8,1009.6,-5.3,0.0,0.0,0.0,0.0,0.0
004453,1.9,2.5,255.9,7.8,82.8,1009.6,-5.3,0.0,0.0,0.0,0.0,0.0
004553,2.6,3.4,254.9,7.8,82.8,1009.6,-5.3,0.0,0.0,0.0,0.0,0.0
004653,2.1,3.4,233.2,7.8,83.0,1009.6,-5.3,0.0,0.0,0.0,0.0,0.0
004753,2.3,3.4,236.0,7.8,83.0,1009.6,-5.3,0.0,0.0,0.0,0.0,0.0
004853,3.0,4.4,220.7,7.8,83.0,1009.6,-5.3,0.0,0.0,0.0,0.0,0.0
004953,2.6,3.4,230.8,7.8,83.0,1009.8,-5.3,0.0,0.0,0.0,0.0,0.0
005053,2.3,3.1,216.8,7.8,83.5,1009.8,-5.3,0.0,0.0,0.0,0.0,0.0
005153,2.3,3.1,257.7,7.8,83.5,1009.6,-5.3,0.0,0.0,0.0,0.0,0.0
005253,2.9,4.0,237.1,7.8,83.5,1009.6,-0.1,0.0,0.0,0.0,0.0,0.0
005353,3.2,4.0,229.7,7.8,83.6,1009.6,-0.1,0.0,0.0,0.0,0.0,0.0
005453,3.1,4.0,235.0,7.8,83.6,1009.6,-0.1,0.0,0.0,0.0,0.0,0.0
005553,4.0,5.0,218.9,7.9,83.6,1009.6,-0.1,0.0,0.0,0.0,0.0,0.0
005653,3.0,4.4,246.8,7.9,83.5,1009.6,-0.1,0.0,0.0,0.0,0.0,0.0
005753,3.8,5.6,221.7,8.0,83.0,1009.8,-0.1,0.0,0.0,0.0,0.0,0.0
005853,3.0,4.4,255.6,8.1,82.8,1009.8,-0.1,0.0,0.0,0.0,0.0,0.0
005953,3.0,4.4,237.4,8.1,82.8,1009.8,-0.1,0.0,0.0,0.0,0.0,0.0
010053,2.5,4.7,220.0,8.1,82.8,1009.8,-0.1,0.0,0.0,0.0,0.0,0.0
010153,2.1,3.7,233.9,8.0,82.8,1009.6,-0.1,0.0,0.0,0.0,0.0,0.0
010253,3.2,4.4,246.1,8.1,82.8,1009.6,-0.1,0.0,0.0,0.0,0.0,0.0
010353,2.4,3.4,228.0,8.1,82.8,1009.6,-5.3,0.0,0.0,0.0,0.0,0.0
010453,2.4,3.4,257.3,8.0,82.8,1009.6,-0.1,0.0,0.0,0.0,0.0,0.0
010553,3.1,4.7,214.4,8.0,83.0,1009.6,-0.1,0.0,0.0,0.0,0.0,0.0
010653,2.6,4.7,239.2,8.0,83.5,1009.6,-0.1,0.0,0.0,0.0,0.0,0.0
010753,3.0,4.0,247.2,8.0,83.5,1009.6,-0.1,0.0,0.0,0.0,0.0,0.0
010853,2.3,3.4,247.5,8.1,83.5,1009.6,-0.1,0.0,0.0,0.0,0.0,0.0
010953,2.6,4.0,236.0,8.1,83.6,1009.6,-0.1,0.0,0.0,0.0,0.0,0.0
011053,2.8,4.4,216.1,8.1,83.6,1009.6,-0.1,0.0,0.0,0.0,0.0,0.0
011153,2.4,3.7,231.8,8.1,83.5,1009.6,-0.1,0.0,0.0,0.0,0.0,0.0
011253,2.1,3.1,212.3,8.1,83.5,1009.6,-0.1,0.0,0.0,0.0,0.0,0.0
011353,1.9,2.8,229.0,8.1,83.5,1009.6,-0.1,0.0,0.0,0.0,0.0,0.0
011453,1.8,2.8,227.0,8.1,83.5,1009.6,-5.3,0.0,0.0,0.0,0.0,0.0
011553,1.6,1.9,199.7,8.1,83.5,1009.6,-5.3,0.0,0.0,0.0,0.0,0.0
011653,1.8,2.5,198.0,8.1,83.5,1009.6,-5.3,0.0,0.0,0.0,0.0,0.0
011753,1.6,2.2,185.4,8.1,83.5,1009.6,-5.3,0.0,0.0,0.0,0.0,0.0
011853,1.2,1.6,152.6,8.1,83.5,1009.6,-5.3,0.0,0.0,0.0,0.0,0.0
011953,0.5,1.2,162.4,8.1,83.6,1009.6,-5.3,0.0,0.0,0.0,0.0,0.0
012053,1.3,1.9,201.1,8.1,83.6,1009.6,-5.3,0.0,0.0,0.0,0.0,0.0
012153,1.1,1.9,186.8,8.1,83.6,1009.6,-5.3,0.0,0.0,0.0,0.0,0.0
012253,1.3,1.9,193.8,8.1,83.6,1009.6,-5.3,0.0,0.0,0.0,0.0,0.0
012353,1.6,2.2,192.4,8.1,83.6,1009.6,-5.3,0.0,0.0,0.0,0.0,0.0
012453,1.5,1.9,221.0,8.1,83.6,1009.6,-5.3,0.0,0.0,0.0,0.0,0.0
012553,1.3,1.9,228.7,8.1,84.3,1009.6,-5.3,0.0,0.0,0.0,0.0,0.0
012653,1.3,1.9,222.1,8.1,84.3,1009.6,-5.3,0.0,0.0,0.0,0.0,0.0
012753,1.6,1.9,210.2,8.1,84.3,1009.6,-5.3,0.0,0.0,0.0,0.0,0.0
012853,1.5,1.9,218.6,8.1,84.3,1009.6,-5.3,0.0,0.0,0.0,0.0,0.0
012953,1.8,2.5,235.0,8.1,84.3,1009.6,-5.3,0.0,0.0,0.0,0.0,0.0
013053,2.0,2.8,246.5,8.1,84.3,1009.6,-0.1,0.0,0.0,0.0,0.0,0.0
013153,1.6,2.5,226.6,8.1,83.6,1009.6,-0.1,0.0,0.0,0.0,0.0,0.0
013253,1.8,2.5,221.4,8.1,83.6,1009.6,-0.1,0.0,0.0,0.0,0.0,0.0
013353,2.6,4.0,223.8,8.2,83.5,1009.6,-0.1,0.0,0.0,0.0,0.0,0.0
013453,2.3,3.7,243.4,8.2,83.0,1009.6,-0.1,0.0,0.0,0.0,0.0,0.0
013553,2.5,3.4,215.8,8.3,82.8,1009.6,-0.1,0.0,0.0,0.0,0.0,0.0
013653,2.8,3.7,217.9,8.3,82.8,1009.6,-0.1,0.0,0.0,0.0,0.0,0.0
013753,2.4,3.1,224.9,8.3,82.7,1009.6,-0.1,0.0,0.0,0.0,0.0,0.0
013853,2.6,3.4,242.0,8.3,82.7,1009.6,-0.1,0.0,0.0,0.0,0.0,0.0
013953,2.2,2.8,233.9,8.3,82.7,1009.8,-0.1,0.0,0.0,0.0,0.0,0.0
014053,2.5,3.4,227.7,8.3,82.7,1009.6,-0.1,0.0,0.0,0.0,0.0,0.0
014153,2.7,3.4,224.9,8.3,82.7,1009.8,-0.1,0.0,0.0,0.0,0.0,0.0
014253,2.8,3.7,245.5,8.4,82.7,1009.8,-0.1,0.0,0.0,0.0,0.0,0.0
014353,1.9,2.8,230.4,8.4,82.8,1009.6,-0.1,0.0,0.0,0.0,0.0,0.0
014453,3.0,4.7,233.9,8.4,82.8,1009.8,-0.1,0.0,0.0,0.0,0.0,0.0
014553,3.7,5.3,226.6,8.4,82.8,1009.8,-0.1,0.0,0.0,0.0,0.0,0.0
014653,3.3,4.4,243.4,8.4,82.8,1009.8,-0.1,0.0,0.0,0.0,0.0,0.0
014753,3.7,5.3,247.2,8.4,82.8,1009.8,-0.1,0.0,0.0,0.0,0.0,0.0
014853,2.6,4.7,229.7,8.4,82.8,1009.8,-0.1,0.0,0.0,0.0,0.0,0.0
014953,3.1,4.4,211.2,8.4,83.0,1009.8,-0.1,0.0,0.0,0.0,0.0,0.0
015053,3.2,4.7,211.9,8.4,83.0,1009.8,-5.3,0.0,0.0,0.0,0.0,0.0
015153,3.7,4.7,238.5,8.4,82.8,1009.8,-5.3,0.0,0.0,0.0,0.0,0.0
015253,3.2,4.4,233.9,8.4,82.8,1009.6,-5.3,0.0,0.0,0.0,0.0,0.0
015353,3.7,4.7,222.8,8.4,82.7,1009.8,-0.1,0.0,0.0,0.0,0.0,0.0
015453,3.7,5.0,224.9,8.4,82.7,1009.6,-0.1,0.0,0.0,0.0,0.0,0.0
015553,4.0,5.6,221.4,8.4,82.7,1009.8,-0.1,0.0,0.0,0.0,0.0,0.0
015653,3.7,5.0,213.7,8.5,82.0,1009.6,-0.1,0.0,0.0,0.0,0.0,0.0
015753,3.2,5.3,215.1,8.5,82.0,1009.6,-0.1,0.0,0.0,0.0,0.0,0.0
015853,3.7,5.3,215.4,8.5,81.8,1009.6,-0.1,0.0,0.0,0.0,0.0,0.0
015953,3.2,4.4,233.2,8.5,81.3,1009.6,5.2,0.0,0.0,0.0,0.0,0.0
020053,3.8,4.7,223.8,8.5,81.1,1009.6,5.2,0.0,0.0,0.0,0.0,0.0
020153,3.2,5.3,215.8,8.5,81.1,1009.6,5.2,0.0,0.0,0.0,0.0,0.0
020253,3.7,4.7,230.8,8.5,81.1,1009.6,5.2,0.0,0.0,0.0,0.0,0.0
020353,3.0,4.7,238.1,8.5,81.1,1009.6,-0.1,0.0,0.0,0.0,0.0,0.0
020453,3.5,4.7,233.2,8.5,81.1,1009.6,-0.1,0.0,0.0,0.0,0.0,0.0
020553,4.4,5.3,228.3,8.5,81.1,1009.6,-0.1,0.0,0.0,0.0,0.0,0.0
020653,3.0,4.7,229.0,8.5,81.1,1009.6,-0.1,0.0,0.0,0.0,0.0,0.0
020753,2.3,3.7,236.4,8.5,81.1,1009.6,-0.1,0.0,0.0,0.0,0.0,0.0
020853,3.1,5.3,230.8,8.5,81.1,1009.6,-0.1,0.0,0.0,0.0,0.0,0.0
020953,3.7,5.0,221.7,8.5,81.1,1009.6,-0.1,0.0,0.0,0.0,0.0,0.0
021053,3.2,4.7,217.5,8.5,81.0,1009.6,-0.1,0.0,0.0,0.0,0.0,0.0
021153,2.7,4.0,227.7,8.5,81.0,1009.8,-0.1,0.0,0.0,0.0,0.0,0.0
021253,2.4,3.7,229.4,8.5,81.1,1009.8,-0.1,0.0,0.0,0.0,0.0,0.0
021353,2.7,3.7,220.3,8.5,81.1,1009.8,-0.1,0.0,0.0,0.0,0.0,0.0
021453,3.2,4.7,215.1,8.5,81.0,1009.6,-0.1,0.0,0.0,0.0,0.0,0.0
021553,5.0,6.5,217.9,8.6,80.3,1009.6,-0.1,0.0,0.0,0.0,0.0,0.0
021653,4.5,5.9,238.5,8.6,79.7,1009.8,-0.1,0.0,0.0,0.0,0.0,0.0
021753,4.1,5.3,205.3,8.6,79.4,1009.6,-0.1,0.0,0.0,0.0,0.0,0.0
021853,4.0,5.6,241.3,8.6,79.4,1009.8,-0.1,0.0,0.0,0.0,0.0,0.0
021953,3.5,5.6,224.9,8.6,78.7,1009.8,-0.1,0.0,0.0,0.0,0.0,0.0
022053,3.9,5.6,222.4,8.6,78.1,1009.8,-0.1,0.0,0.0,0.0,0.0,0.0
022153,2.9,4.7,212.6,8.7,78.1,1009.8,-5.3,0.0,0.0,0.0,0.0,0.0
022253,3.4,5.6,220.0,8.7,78.6,1009.8,-5.3,0.0,0.0,0.0,0.0,0.0
022353,2.7,3.7,231.5,8.7,78.6,1009.8,-5.3,0.0,0.0,0.0,0.0,0.0
022453,3.7,4.7,240.6,8.7,78.1,1009.8,-5.3,0.0,0.0,0.0,0.0,0.0
022553,3.9,5.9,225.9,8.6,78.6,1009.8,-5.3,0.0,0.0,0.0,0.0,0.0
022653,3.5,5.0,229.7,8.6,78.6,1009.8,-5.3,0.0,0.0,0.0,0.0,0.0
022753,4.1,6.2,217.9,8.6,78.6,1009.8,-5.3,0.0,0.0,0.0,0.0,0.0
022853,4.8,6.5,228.7,8.7,78.1,1009.8,-5.3,0.0,0.0,0.0,0.0,0.0
022953,3.1,5.0,230.8,8.7,78.6,1009.8,-5.3,0.0,0.0,0.0,0.0,0.0
023053,3.3,4.4,233.2,8.6,78.7,1009.8,-5.3,0.0,0.0,0.0,0.0,0.0
023153,3.0,4.4,250.7,8.6,79.4,1010.0,-5.3,0.0,0.0,0.0,0.0,0.0
023253,2.6,3.7,237.1,8.6,79.4,1010.0,-5.3,0.0,0.0,0.0,0.0,0.0
023353,3.0,4.0,270.2,8.6,79.5,1010.0,-5.3,0.0,0.0,0.0,0.0,0.0
023453,2.6,3.4,223.8,8.6,79.7,1010.0,-5.3,0.0,0.0,0.0,0.0,0.0
023553,2.8,4.7,233.6,8.5,80.3,1010.0,-5.3,0.0,0.0,0.0,0.0,0.0
023653,3.6,5.0,210.2,8.5,80.2,1010.0,-5.3,0.0,0.0,0.0,0.0,0.0
023753,3.3,5.0,247.2,8.5,80.3,1010.0,-5.3,0.0,0.0,0.0,0.0,0.0
023853,3.1,4.7,245.1,8.5,80.3,1010.0,-5.3,0.0,0.0,0.0,0.0,0.0
023953,2.7,4.0,230.8,8.5,80.3,1010.0,-5.3,0.0,0.0,0.0,0.0,0.0
024053,3.0,3.7,232.2,8.5,80.6,1010.0,-5.3,0.0,0.0,0.0,0.0,0.0
024153,3.9,5.3,222.1,8.4,81.0,1010.0,-5.3,0.0,0.0,0.0,0.0,0.0
024253,3.7,5.0,199.0,8.4,81.0,1010.0,-5.3,0.0,0.0,0.0,0.0,0.0
024353,4.0,5.3,220.7,8.4,81.0,1010.0,-5.3,0.0,0.0,0.0,0.0,0.0
024453,4.4,6.2,221.0,8.4,81.0,1010.0,-5.3,0.0,0.0,0.0,0.0,0.0
024553,4.0,5.6,214.4,8.3,81.1,1009.8,-5.3,0.0,0.0,0.0,0.0,0.0
024653,3.7,5.3,227.3,8.3,81.1,1010.0,-5.3,0.0,0.0,0.0,0.0,0.0
024753,2.9,4.0,219.3,8.3,81.8,1010.0,-0.1,0.0,0.0,0.0,0.0,0.0
024853,2.8,3.7,214.4,8.3,82.0,1010.0,-0.1,0.0,0.0,0.0,0.0,0.0
024953,3.8,5.3,201.8,8.2,82.0,1010.0,-0.1,0.0,0.0,0.0,0.0,0.0
025053,3.7,5.0,200.1,8.2,82.0,1010.0,-0.1,0.0,0.0,0.0,0.0,0.0
025153,3.2,4.7,199.0,8.2,82.7,1010.0,-0.1,0.0,0.0,0.0,0.0,0.0
025253,2.3,4.0,236.4,8.2,82.7,1010.0,-0.1,0.0,0.0,0.0,0.0,0.0
025353,3.1,5.0,221.4,8.2,82.7,1009.8,5.2,0.0,0.0,0.0,0.0,0.0
025453,3.1,4.7,241.3,8.2,82.0,1009.8,5.2,0.0,0.0,0.0,0.0,0.0
025553,4.0,5.0,223.1,8.3,81.8,1009.8,5.2,0.0,0.0,0.0,0.0,0.0
025653,3.7,5.0,218.2,8.3,81.3,1009.8,10.4,0.0,0.0,0.0,0.0,0.0
025753,3.0,4.4,227.7,8.3,81.3,1009.8,10.4,0.0,0.0,0.0,0.0,0.0
025853,3.7,5.3,214.7,8.4,81.1,1009.8,10.4,0.0,0.0,0.0,0.0,0.0
025953,3.1,4.7,229.7,8.4,81.1,1009.8,10.4,0.0,0.0,0.0,0.0,0.0
030053,3.5,5.0,229.0,8.4,81.0,1009.8,10.4,0.0,0.0,0.0,0.0,0.0
030153,2.9,4.0,212.6,8.5,81.0,1009.8,10.4,0.0,0.0,0.0,0.0,0.0
030253,3.1,4.4,215.8,8.5,81.0,1009.8,10.4,0.0,0.0,0.0,0.0,0.0
030353,2.8,3.7,219.6,8.5,80.3,1009.8,10.4,0.0,0.0,0.0,0.0,0.0
030453,3.0,4.0,205.3,8.5,80.3,1009.8,10.4,0.0,0.0,0.0,0.0,0.0
030553,3.1,4.4,216.8,8.5,80.2,1009.8,10.4,0.0,0.0,0.0,0.0,0.0
030653,3.6,4.7,213.7,8.5,80.2,1009.8,10.4,0.0,0.0,0.0,0.0,0.0
030753,3.1,4.0,212.3,8.5,79.7,1009.8,10.4,0.0,0.0,0.0,0.0,0.0
030853,3.3,4.0,224.2,8.6,79.7,1009.8,10.4,0.0,0.0,0.0,0.0,0.0
030953,3.5,4.4,224.5,8.6,79.7,1009.8,10.4,0.0,0.0,0.0,0.0,0.0
031053,2.7,3.4,218.2,8.6,79.7,1009.8,10.4,0.0,0.0,0.0,0.0,0.0
031153,3.0,4.0,227.7,8.6,80.2,1009.8,10.4,0.0,0.0,0.0,0.0,0.0
031253,2.7,4.0,218.2,8.6,80.2,1009.8,15.7,0.0,0.0,0.0,0.0,0.0
031353,3.7,5.0,216.1,8.6,80.2,1009.8,15.7,0.0,0.0,0.0,0.0,0.0
031453,3.4,4.0,235.7,8.6,80.2,1009.8,15.7,0.0,0.0,0.0,0.0,0.0
031553,3.4,4.4,225.2,8.6,80.2,1009.8,15.7,0.0,0.0,0.0,0.0,0.0
031653,3.6,4.4,210.9,8.6,80.2,1009.8,15.7,0.0,0.0,0.0,0.0,0.0
031753,2.7,4.0,230.1,8.6,80.3,1009.8,20.9,0.0,0.0,0.0,0.0,0.0
031853,3.3,4.4,222.8,8.6,80.2,1009.8,20.9,0.0,0.0,0.0,0.0,0.0
031953,4.0,5.3,223.5,8.6,80.2,1009.8,20.9,0.0,0.0,0.0,0.0,0.0
032053,4.3,5.3,215.8,8.6,80.2,1009.8,20.9,0.0,0.0,0.0,0.0,0.0
032153,4.0,5.6,198.3,8.6,80.2,1009.8,15.7,0.0,0.0,0.0,0.0,0.0
032253,2.2,3.1,200.8,8.6,80.3,1009.8,20.9,0.0,0.0,0.0,0.0,0.0
032353,3.3,4.7,216.5,8.6,80.3,1009.8,20.9,0.0,0.0,0.0,0.0,0.0
032453,3.1,3.7,198.0,8.6,81.0,1009.6,20.9,0.0,0.0,0.0,0.0,0.0
032553,3.2,4.4,204.3,8.6,81.0,1009.6,20.9,0.0,0.0,0.0,0.0,0.0
032653,2.7,4.0,208.1,8.6,81.0,1009.8,20.9,0.0,0.0,0.0,0.0,0.0
032753,3.3,4.4,201.1,8.6,81.0,1009.8,26.1,0.0,0.0,0.0,0.0,0.0
032853,3.3,5.0,246.8,8.6,81.0,1009.8,26.1,0.0,0.0,0.0,0.0,0.0
032953,3.3,4.7,238.8,8.6,81.0,1009.8,31.4,0.0,0.0,0.0,0.0,0.0
033053,1.6,2.5,227.7,8.6,81.1,1009.8,31.4,0.0,0.0,0.0,0.0,0.0
033153,2.2,3.1,246.8,8.6,81.1,1009.8,31.4,0.0,0.0,0.0,0.0,0.0
033253,1.4,2.5,236.4,8.6,81.1,1009.8,31.4,0.0,0.0,0.0,0.0,0.0
033353,1.9,3.4,234.3,8.6,81.1,1009.8,31.4,0.0,0.0,0.0,0.0,0.0
033453,1.9,2.8,234.3,8.6,81.0,1009.8,31.4,0.0,0.0,0.0,0.0,0.0
033553,2.0,2.8,226.6,8.6,81.0,1009.8,31.4,0.0,0.0,0.0,0.0,0.0
033653,1.9,2.8,225.9,8.6,81.0,1009.8,31.4,0.0,0.0,0.0,0.0,0.0
033753,2.0,3.4,219.6,8.6,81.0,1009.8,31.4,0.0,0.0,0.0,0.0,0.0
033853,1.6,3.1,227.7,8.6,81.0,1009.8,31.4,0.0,0.0,0.0,0.0,0.0
033953,1.6,2.2,253.8,8.6,81.0,1009.8,31.4,0.0,0.0,0.0,0.0,0.0
034053,1.8,2.8,252.8,8.6,81.1,1009.8,31.4,0.0,0.0,0.0,0.0,0.0
034153,2.3,3.1,243.7,8.6,81.1,1009.8,31.4,0.0,0.0,0.0,0.0,0.0
034253,2.6,3.7,232.2,8.6,81.0,1009.8,36.6,0.0,0.0,0.0,0.0,0.0
034353,1.9,2.8,248.6,8.6,81.0,1009.8,36.6,0.0,0.0,0.0,0.0,0.0
034453,1.5,1.9,262.9,8.6,81.1,1009.8,36.6,0.0,0.0,0.0,0.0,0.0
034553,2.1,2.8,252.4,8.6,81.1,1009.8,36.6,0.0,0.0,0.0,0.0,0.0
034653,2.2,2.5,273.4,8.6,81.1,1009.8,36.6,0.0,0.0,0.0,0.0,0.0
034753,2.1,2.8,236.0,8.6,81.1,1009.8,36.6,0.0,0.0,0.0,0.0,0.0
034853,2.1,2.5,244.8,8.6,81.1,1009.8,36.6,0.0,0.0,0.0,0.0,0.0
034953,2.1,2.8,254.5,8.6,81.1,1009.8,36.6,0.0,0.0,0.0,0.0,0.0
035053,1.8,2.5,232.5,8.6,81.1,1009.8,36.6,0.0,0.0,0.0,0.0,0.0
035153,1.3,1.9,251.0,8.6,81.1,1009.8,41.9,0.0,0.0,0.0,0.0,0.0
035253,1.4,1.9,259.1,8.6,81.1,1009.8,41.9,0.0,0.0,0.0,0.0,0.0
035353,1.4,1.9,219.6,8.6,81.1,1009.8,41.9,0.0,0.0,0.0,0.0,0.0
035453,1.7,2.8,248.9,8.6,81.0,1009.8,47.1,0.0,0.0,0.0,0.0,0.0
035553,1.0,1.6,251.0,8.6,81.1,1009.6,47.1,0.0,0.0,0.0,0.0,0.0
035653,1.2,1.6,260.5,8.6,81.1,1009.6,52.4,0.0,0.0,0.0,0.0,0.0
035753,1.6,1.9,248.9,8.6,81.0,1009.6,52.4,0.0,0.0,0.0,0.0,0.0
035853,1.2,1.6,238.8,8.6,81.0,1009.6,52.4,0.0,0.0,0.0,0.0,0.0
035953,1.5,1.9,238.1,8.6,81.0,1009.6,57.6,0.0,0.0,0.0,0.0,0.0
040053,1.1,1.6,222.1,8.6,81.0,1009.6,57.6,0.0,0.0,0.0,0.0,0.0
040153,1.4,2.2,203.9,8.6,81.0,1009.6,57.6,0.0,0.0,0.0,0.0,0.0
040253,1.8,2.5,225.2,8.6,81.0,1009.6,57.6,0.0,0.0,0.0,0.0,0.0
040353,1.4,2.2,233.9,8.6,81.0,1009.6,57.6,0.0,0.0,0.0,0.0,0.0
040453,1.1,1.6,222.1,8.6,80.3,1009.6,57.6,0.0,0.0,0.0,0.0,0.0
040553,0.9,1.2,222.4,8.6,80.3,1009.6,57.6,0.0,0.0,0.0,0.0,0.0
040653,1.3,2.5,257.3,8.6,80.3,1009.6,57.6,0.0,0.0,0.0,0.0,0.0
040753,1.9,3.7,233.9,8.6,80.3,1009.6,62.9,0.0,0.0,0.0,0.0,0.0
040853,2.2,3.7,233.2,8.6,79.7,1009.6,62.9,0.0,0.0,0.0,0.0,0.0
040953,1.7,2.5,248.2,8.6,79.5,1009.6,62.9,0.0,0.0,0.0,0.0,0.0
041053,1.6,2.5,275.5,8.6,79.4,1009.6,62.9,0.0,0.0,0.0,0.0,0.0
041153,0.9,1.6,271.3,8.6,79.5,1009.6,68.1,0.0,0.0,0.0,0.0,0.0
041253,1.4,2.2,262.9,8.6,79.4,1009.6,68.1,0.0,0.0,0.0,0.0,0.0
041353,2.0,3.1,239.9,8.6,79.4,1009.6,68.1,0.0,0.0,0.0,0.0,0.0
041453,2.0,2.8,236.4,8.6,78.7,1009.6,73.3,0.0,0.0,0.0,0.0,0.0
041553,1.3,1.9,236.7,8.6,78.7,1009.6,73.3,0.0,0.0,0.0,0.0,0.0
041653,1.6,2.5,248.6,8.6,78.7,1009.6,73.3,0.0,0.0,0.0,0.0,0.0
041753,1.9,2.8,248.6,8.6,78.6,1009.6,73.3,0.0,0.0,0.0,0.0,0.0
041853,1.7,2.5,247.2,8.6,78.6,1009.6,73.3,0.0,0.0,0.0,0.0,0.0
041953,1.6,2.5,283.5,8.6,78.7,1009.6,73.3,0.0,0.0,0.0,0.0,0.0
042053,1.6,1.9,280.7,8.6,79.4,1009.6,78.6,0.0,0.0,0.0,0.0,0.0
042153,1.4,1.9,303.7,8.6,79.4,1009.6,78.6,0.0,0.0,0.0,0.0,0.0
042253,1.6,2.2,279.0,8.6,79.5,1009.6,83.8,0.0,0.0,0.0,0.0,0.0
042353,1.4,2.5,278.3,8.6,79.4,1009.6,89.1,0.0,0.0,0.0,0.0,0.0
042453,1.7,2.5,273.7,8.6,79.4,1009.6,94.3,0.0,0.0,0.0,0.0,0.0
042553,1.6,2.2,301.6,8.6,79.5,1009.5,99.6,0.0,0.0,0.0,0.0,0.0
042653,1.4,2.2,307.2,8.6,79.4,1009.5,99.6,0.0,0.0,0.0,0.0,0.0
042753,1.2,2.2,239.9,8.6,79.4,1009.5,104.8,0.0,0.0,0.0,0.0,0.0
042853,1.6,2.2,250.7,8.7,79.4,1009.5,110.1,0.0,0.0,0.0,0.0,0.0
042953,1.9,3.1,259.1,8.7,79.0,1009.5,115.3,0.0,0.0,0.0,0.0,0.0
043053,2.1,2.8,218.2,8.8,78.7,1009.5,120.5,0.0,0.0,0.0,0.0,0.0
043153,1.8,2.5,232.5,8.8,78.7,1009.5,120.5,0.0,0.0,0.0,0.0,0.0
043253,3.3,4.0,236.0,8.8,78.1,1009.6,125.8,0.0,0.0,0.0,0.0,0.0
043353,1.9,2.8,240.2,8.9,77.9,1009.6,125.8,0.0,0.0,0.0,0.0,0.0
043453,1.5,2.2,244.1,9.0,78.1,1009.6,125.8,0.0,0.0,0.0,0.0,0.0
043553,2.3,3.4,252.1,9.0,77.9,1009.6,125.8,0.0,0.0,0.0,0.0,0.0
043653,2.9,3.4,230.4,9.0,77.8,1009.6,131.0,0.0,0.0,0.0,0.0,0.0
043753,2.2,2.8,245.1,9.0,77.8,1009.6,125.8,0.0,0.0,0.0,0.0,0.0
043853,2.1,3.1,257.3,9.0,77.1,1009.6,125.8,0.0,0.0,0.0,0.0,0.0
043953,1.8,2.8,253.1,9.1,77.8,1009.6,120.5,0.0,0.0,0.0,0.0,0.0
044053,1.8,2.5,253.1,9.1,77.8,1009.6,110.1,0.0,0.0,0.0,0.0,0.0
044153,1.7,2.5,247.2,9.1,77.8,1009.6,94.3,0.0,0.0,0.0,0.0,0.0
044253,1.9,2.8,242.7,9.1,77.8,1009.6,89.1,0.0,0.0,0.0,0.0,0.0
044353,2.6,3.7,244.8,9.1,77.1,1009.6,78.6,0.0,0.0,0.0,0.0,0.0
044453,2.1,2.8,222.1,9.2,77.0,1009.6,73.3,0.0,0.0,0.0,0.0,0.0
044553,1.9,2.8,245.5,9.2,77.0,1009.6,68.1,0.0,0.0,0.0,0.0,0.0
044653,1.9,2.8,236.7,9.2,77.0,1009.6,62.9,0.0,0.0,0.0,0.0,0.0
044753,1.8,2.5,227.7,9.2,76.5,1009.6,57.6,0.0,0.0,0.0,0.0,0.0
044853,1.4,2.5,223.1,9.2,76.3,1009.6,52.4,0.0,0.0,0.0,0.0,0.0
044953,1.0,1.6,280.7,9.2,76.5,1009.6,52.4,0.0,0.0,0.0,0.0,0.0
045053,1.0,1.6,252.1,9.2,76.5,1009.6,47.1,0.0,0.0,0.0,0.0,0.0
045153,1.1,1.9,265.7,9.2,76.5,1009.6,47.1,0.0,0.0,0.0,0.0,0.0
045253,1.2,1.9,261.9,9.2,77.1,1009.6,52.4,0.0,0.0,0.0,0.0,0.0
045353,0.5,0.9,270.6,9.2,77.1,1009.6,52.4,0.0,0.0,0.0,0.0,0.0
045453,0.6,1.2,271.3,9.2,77.8,1009.6,57.6,0.0,0.0,0.0,0.0,0.0
045553,0.9,1.2,220.7,9.2,77.8,1009.6,57.6,0.0,0.0,0.0,0.0,0.0
045653,0.9,1.6,263.6,9.1,77.8,1009.6,57.6,0.0,0.0,0.0,0.0,0.0
045753,1.6,2.5,249.6,9.1,77.8,1009.6,57.6,0.0,0.0,0.0,0.0,0.0
045853,1.9,2.8,241.3,9.2,77.8,1009.6,62.9,0.0,0.0,0.0,0.0,0.0
045953,1.6,2.2,229.7,9.2,77.8,1009.6,62.9,0.0,0.0,0.0,0.0,0.0
050053,1.4,1.9,251.4,9.2,77.9,1009.5,62.9,0.0,0.0,0.0,0.0,0.0
050153,0.5,0.9,243.7,9.2,77.9,1009.5,68.1,0.0,0.0,0.0,0.0,0.0
050253,0.3,0.6,239.2,9.2,77.9,1009.5,68.1,0.0,0.0,0.0,0.0,0.0
050353,0.3,0.6,237.8,9.3,77.9,1009.5,73.3,0.0,0.0,0.0,0.0,0.0
050453,0.5,0.9,221.4,9.3,77.8,1009.5,78.6,0.0,0.0,0.0,0.0,0.0
050553,0.7,0.9,225.9,9.2,77.8,1009.5,83.8,0.0,0.0,0.0,0.0,0.0
050653,0.8,1.2,190.3,9.3,77.0,1009.5,89.1,0.0,0.0,0.0,0.0,0.0
050753,1.0,1.6,206.4,9.3,77.0,1009.6,99.6,0.0,0.0,0.0,0.0,0.0
050853,0.9,1.9,204.3,9.3,77.0,1009.6,115.3,0.0,0.0,0.0,0.0,0.0
050953,1.6,3.1,204.3,9.3,76.5,1009.6,141.5,0.0,0.0,0.0,0.0,0.0
051053,1.6,2.2,215.1,9.4,76.3,1009.6,141.5,0.0,0.0,0.0,0.0,0.0
051153,1.3,2.2,194.8,9.4,76.2,1009.6,162.5,0.0,0.0,0.0,0.0,0.0
051253,1.0,1.9,196.9,9.5,76.2,1009.6,194.0,0.0,0.0,0.0,0.0,0.0
051353,1.3,1.9,218.2,9.5,76.2,1009.6,136.3,0.0,0.0,0.0,0.0,0.0
051453,1.6,2.5,210.2,9.5,75.5,1009.6,115.3,0.0,0.0,0.0,0.0,0.0
051553,2.4,4.0,194.5,9.6,74.7,1009.6,110.1,0.0,0.0,0.0,0.0,0.0
051653,2.4,3.4,202.2,9.6,73.8,1009.5,115.3,0.0,0.0,0.0,0.0,0.0
051753,3.0,4.4,211.9,9.7,73.0,1009.6,120.5,0.0,0.0,0.0,0.0,0.0
051853,2.8,4.0,205.3,9.7,73.0,1009.6,131.0,0.0,0.0,0.0,0.0,0.0
051953,2.4,3.7,197.6,9.8,73.0,1009.6,136.3,0.0,0.0,0.0,0.0,0.0
052053,2.4,3.4,217.2,9.8,73.0,1009.5,125.8,0.0,0.0,0.0,0.0,0.0
052153,3.3,4.7,203.9,9.8,72.2,1009.6,115.3,0.0,0.0,0.0,0.0,0.0
052253,3.4,4.7,223.8,9.8,72.2,1009.5,115.3,0.0,0.0,0.0,0.0,0.0
052353,3.3,4.4,191.4,9.8,71.4,1009.6,115.3,0.0,0.0,0.0,0.0,0.0
052453,4.4,5.9,218.9,9.9,70.6,1009.5,115.3,0.0,0.0,0.0,0.0,0.0
052553,4.4,5.3,196.9,9.9,70.6,1009.5,115.3,0.0,0.0,0.0,0.0,0.0
052653,3.5,5.0,190.0,9.9,70.6,1009.5,115.3,0.0,0.0,0.0,0.0,0.0
052753,3.5,5.0,183.7,9.9,70.6,1009.5,115.3,0.0,0.0,0.0,0.0,0.0
052853,3.9,5.0,194.5,9.9,70.6,1009.5,115.3,0.0,0.0,0.0,0.0,0.0
052953,3.7,5.0,201.1,9.9,69.8,1009.3,131.0,0.0,0.0,0.0,0.0,0.0
053053,5.5,8.1,190.3,9.9,69.8,1009.5,136.3,0.0,0.0,0.0,0.0,0.0
053153,4.7,5.9,188.9,10.0,69.8,1009.5,131.0,0.0,0.0,0.0,0.0,0.0
053253,5.4,6.2,216.1,10.0,69.8,1009.5,125.8,0.0,0.0,0.0,0.0,0.0
053353,4.9,5.9,205.7,10.0,69.8,1009.5,131.0,0.0,0.0,0.0,0.0,0.0
053453,4.4,5.6,195.5,10.0,69.7,1009.5,136.3,0.0,0.0,0.0,0.0,0.0
053553,3.8,5.6,204.3,10.0,69.8,1009.5,146.8,0.0,0.0,0.0,0.0,0.0
053653,3.0,4.0,180.5,10.0,69.8,1009.5,157.2,0.0,0.0,0.0,0.0,0.0
053753,3.3,4.7,205.7,10.0,69.8,1009.5,152.0,0.0,0.0,0.0,0.0,0.0
053853,3.0,3.7,221.4,10.0,70.0,1009.5,131.0,0.0,0.0,0.0,0.0,0.0
053953,4.7,5.9,212.3,10.0,69.8,1009.5,110.1,0.0,0.0,0.0,0.0,0.0
054053,3.1,4.7,212.3,10.0,69.8,1009.6,94.3,0.0,0.0,0.0,0.0,0.0
054153,3.3,4.0,206.7,10.0,70.0,1009.5,89.1,0.0,0.0,0.0,0.0,0.0
054253,2.9,3.7,216.5,10.0,70.6,1009.6,89.1,0.0,0.0,0.0,0.0,0.0
054353,4.0,5.6,215.8,10.0,70.0,1009.6,94.3,0.0,0.0,0.0,0.0,0.0
054453,3.6,5.0,201.1,9.9,70.6,1009.5,99.6,0.0,0.0,0.0,0.0,0.0
054553,3.7,5.3,199.4,9.9,70.6,1009.5,99.6,0.0,0.0,0.0,0.0,0.0
054653,3.8,5.3,209.5,9.9,71.3,1009.5,104.8,0.0,0.0,0.0,0.0,0.0
054753,4.4,6.5,224.9,9.9,71.3,1009.5,104.8,0.0,0.0,0.0,0.0,0.0
054853,4.4,5.9,209.5,9.8,71.4,1009.5,104.8,0.0,0.0,0.0,0.0,0.0
054953,4.0,5.6,214.0,9.8,71.4,1009.5,110.1,0.0,0.0,0.0,0.0,0.0
055053,4.0,5.6,209.9,9.8,71.6,1009.5,120.5,0.0,0.0,0.0,0.0,0.0
055153,2.8,3.7,191.0,9.8,72.2,1009.5,125.8,0.0,0.0,0.0,0.0,0.0
055253,2.7,3.7,186.8,9.8,73.0,1009.5,131.0,0.0,0.0,0.0,0.0,0.0
055353,5.4,6.8,224.9,9.8,72.2,1009.5,136.3,0.0,0.0,0.0,0.0,0.0
055453,3.7,5.6,205.7,9.8,73.0,1009.5,141.5,0.0,0.0,0.0,0.0,0.0
055553,4.0,5.3,216.5,9.8,72.2,1009.5,136.3,0.0,0.0,0.0,0.0,0.0
055653,4.0,7.5,192.1,9.8,73.0,1009.5,131.0,0.0,0.0,0.0,0.0,0.0
055753,5.4,6.8,226.6,9.8,73.0,1009.5,120.5,0.0,0.0,0.0,0.0,0.0
055853,3.4,5.0,196.9,9.8,73.2,1009.5,110.1,0.0,0.0,0.0,0.0,0.0
055953,3.7,4.7,208.1,9.7,73.8,1009.5,104.8,0.0,0.0,0.0,0.0,0.0
060053,4.7,6.5,205.3,9.7,73.8,1009.5,110.1,0.0,0.0,0.0,0.0,0.0
060153,4.7,5.9,191.0,9.7,73.2,1009.5,120.5,0.0,0.0,0.0,0.0,0.0
060253,4.7,5.6,212.6,9.7,73.8,1009.5,125.8,0.0,0.0,0.0,0.0,0.0
060353,4.4,6.2,190.7,9.7,73.8,1009.5,115.3,0.0,0.0,0.0,0.0,0.0
060453,3.3,5.0,211.2,9.7,74.3,1009.5,115.3,0.0,0.0,0.0,0.0,0.0
060553,3.2,4.4,197.6,9.7,74.7,1009.5,120.5,0.0,0.0,0.0,0.0,0.0
060653,2.0,3.1,211.6,9.6,74.7,1009.5,131.0,0.0,0.0,0.0,0.0,0.0
060753,3.4,4.7,204.6,9.6,74.7,1009.5,131.0,0.0,0.0,0.0,0.0,0.0
060853,2.7,4.0,204.3,9.6,74.7,1009.5,131.0,0.0,0.0,0.0,0.0,0.0
060953,2.7,3.4,207.1,9.7,74.9,1009.5,136.3,0.0,0.0,0.0,0.0,0.0
061053,2.8,4.4,222.4,9.7,74.9,1009.5,141.5,0.0,0.0,0.0,0.0,0.0
061153,2.9,3.7,209.5,9.7,75.5,1009.5,146.8,0.0,0.0,0.0,0.0,0.0
061253,2.6,3.7,214.7,9.7,75.5,1009.5,146.8,0.0,0.0,0.0,0.0,0.0
061353,2.6,3.4,233.9,9.7,75.5,1009.5,152.0,0.0,0.0,0.0,0.0,0.0
061453,3.0,4.7,211.9,9.8,75.5,1009.5,146.8,0.0,0.0,0.0,0.0,0.0
061553,2.7,3.7,193.8,9.8,75.5,1009.5,141.5,0.0,0.0,0.0,0.0,0.0
061653,3.4,4.7,216.1,9.8,74.9,1009.5,141.5,0.0,0.0,0.0,0.0,0.0
061753,3.7,5.0,231.1,9.8,74.7,1009.5,162.5,0.0,0.0,0.0,0.0,0.0
061853,3.3,5.0,211.6,9.8,74.7,1009.5,194.0,0.0,0.0,0.0,0.0,0.0
061953,2.5,3.1,217.2,9.8,74.7,1009.5,214.9,0.0,0.0,0.0,0.0,0.0
062053,3.5,4.7,198.3,9.8,73.8,1009.5,230.7,0.0,0.0,0.0,0.0,0.0
062153,2.6,3.7,217.5,9.9,73.8,1009.5,214.9,0.0,0.0,0.0,0.0,0.0
062253,2.0,2.8,232.5,10.0,74.3,1009.5,178.2,0.0,0.0,0.0,0.0,0.0
062353,2.2,3.1,211.2,10.0,73.8,1009.5,146.8,0.0,0.0,0.0,0.0,0.0
062453,2.3,3.1,207.4,10.0,73.8,1009.5,125.8,0.0,0.0,0.0,0.0,0.0
062553,2.3,3.4,206.0,10.0,73.8,1009.5,115.3,0.0,0.0,0.0,0.0,0.0
062653,3.0,5.0,210.6,10.0,73.0,1009.5,104.8,0.0,0.0,0.0,0.0,0.0
062753,2.5,3.7,224.5,10.1,73.0,1009.5,94.3,0.0,0.0,0.0,0.0,0.0
062853,2.9,4.4,214.4,10.1,72.2,1009.5,83.8,0.0,0.0,0.0,0.0,0.0
062953,4.0,5.3,212.3,10.1,71.6,1009.5,73.3,0.0,0.0,0.0,0.0,0.0
063053,3.5,4.7,231.1,10.1,71.6,1009.5,68.1,0.0,0.0,0.0,0.0,0.0
063153,2.4,3.7,197.3,10.1,72.2,1009.5,62.9,0.0,0.0,0.0,0.0,0.0
063253,2.9,4.0,242.3,10.2,71.4,1009.5,62.9,0.0,0.0,0.0,0.0,0.0
063353,2.6,4.7,214.7,10.1,71.4,1009.5,57.6,0.0,0.0,0.0,0.0,0.0
063453,3.0,3.7,210.2,10.2,71.3,1009.5,57.6,0.0,0.0,0.0,0.0,0.0
063553,2.7,3.7,215.1,10.2,71.4,1009.5,57.6,0.0,0.0,0.0,0.0,0.0
063653,2.9,5.0,232.5,10.2,71.4,1009.5,62.9,0.0,0.0,0.0,0.0,0.0
063753,4.5,5.3,217.9,10.1,71.3,1009.5,73.3,0.0,0.0,0.0,0.0,0.0
063853,3.0,4.4,217.5,10.1,71.4,1009.5,89.1,0.0,0.0,0.0,0.0,0.0
063953,2.7,4.4,214.4,10.1,71.4,1009.5,99.6,0.0,0.0,0.0,0.0,0.0
064053,4.4,5.9,214.7,10.1,71.4,1009.5,110.1,0.0,0.0,0.0,0.0,0.0
064153,3.7,5.3,220.7,10.1,71.4,1009.5,115.3,0.0,0.0,0.0,0.0,0.0
064253,3.1,4.7,226.6,10.1,71.4,1009.5,115.3,0.0,0.0,0.0,0.0,0.0
064353,3.3,4.4,234.3,10.1,71.4,1009.5,115.3,0.0,0.0,0.0,0.0,0.0
064453,3.5,5.3,224.9,10.1,71.4,1009.5,110.1,0.0,0.0,0.0,0.0,0.0
064553,2.3,3.4,207.4,10.1,71.4,1009.5,110.1,0.0,0.0,0.0,0.0,0.0
064653,4.0,5.3,211.2,10.1,71.3,1009.5,115.3,0.0,0.0,0.0,0.0,0.0
064753,3.7,5.0,214.7,10.1,71.4,1009.5,131.0,0.0,0.0,0.0,0.0,0.0
064853,4.0,5.3,219.3,10.2,70.6,1009.5,146.8,0.0,0.0,0.0,0.0,0.0
064953,3.7,5.6,195.5,10.2,70.6,1009.5,162.5,0.0,0.0,0.0,0.0,0.0
065053,3.5,5.3,195.2,10.2,69.8,1009.5,173.0,0.0,0.0,0.0,0.0,0.0
065153,3.6,5.0,191.4,10.2,69.8,1009.5,178.2,0.0,0.0,0.0,0.0,0.0
065253,3.6,4.7,195.2,10.3,70.0,1009.5,178.2,0.0,0.0,0.0,0.0,0.0
065353,2.9,4.0,228.3,10.3,70.6,1009.5,167.7,0.0,0.0,0.0,0.0,0.0
065453,3.6,4.7,205.0,10.3,70.6,1009.5,162.5,0.0,0.0,0.0,0.0,0.0
065553,3.3,4.4,221.7,10.3,69.8,1009.5,162.5,0.0,0.0,0.0,0.0,0.0
065653,3.1,4.0,226.6,10.3,70.0,1009.5,167.7,0.0,0.0,0.0,0.0,0.0
065753,3.1,4.4,238.1,10.4,70.0,1009.5,173.0,0.0,0.0,0.0,0.0,0.0
065853,2.3,3.4,195.5,10.4,70.6,1009.5,183.5,0.0,0.0,0.0,0.0,0.0
065953,3.1,4.7,235.0,10.4,70.6,1009.5,188.7,0.0,0.0,0.0,0.0,0.0
070053,4.3,5.6,211.2,10.4,69.8,1009.5,188.7,0.0,0.0,0.0,0.0,0.0
070153,3.1,4.0,223.1,10.4,70.6,1009.5,199.2,0.0,0.0,0.0,0.0,0.0
070253,3.7,4.7,209.5,10.4,69.8,1009.5,204.4,0.0,0.0,0.0,0.0,0.0
070353,2.8,4.0,212.6,10.5,70.0,1009.5,209.7,0.0,0.0,0.0,0.0,0.0
070453,3.0,4.0,196.9,10.5,69.8,1009.5,214.9,0.0,0.0,0.0,0.0,0.0
070553,3.0,3.7,218.2,10.5,69.0,1009.5,194.0,0.0,0.0,0.0,0.0,0.0
070653,3.7,5.3,204.6,10.6,68.2,1009.5,167.7,0.0,0.0,0.0,0.0,0.0
070753,4.0,5.6,210.2,10.6,68.2,1009.5,157.2,0.0,0.0,0.0,0.0,0.0
070853,3.8,5.0,214.0,10.6,68.2,1009.5,146.8,0.0,0.0,0.0,0.0,0.0
070953,4.2,5.6,217.5,10.7,68.2,1009.5,136.3,0.0,0.0,0.0,0.0,0.0
071053,3.2,4.4,207.1,10.6,68.2,1009.5,131.0,0.0,0.0,0.0,0.0,0.0
071153,4.5,5.6,207.1,10.6,67.4,1009.5,141.5,0.0,0.0,0.0,0.0,0.0
071253,3.7,5.0,206.7,10.7,67.4,1009.5,152.0,0.0,0.0,0.0,0.0,0.0
071353,3.0,4.7,206.4,10.7,67.4,1009.5,167.7,0.0,0.0,0.0,0.0,0.0
071453,3.5,5.3,198.7,10.8,68.2,1009.5,178.2,0.0,0.0,0.0,0.0,0.0
071553,5.0,7.1,219.3,10.8,66.8,1009.5,188.7,0.0,0.0,0.0,0.0,0.0
071653,3.3,5.6,214.4,10.8,67.8,1009.5,194.0,0.0,0.0,0.0,0.0,0.0
071753,2.8,3.7,204.6,10.8,68.1,1009.5,204.4,0.0,0.0,0.0,0.0,0.0
071853,3.7,5.9,201.5,10.8,66.8,1009.5,204.4,0.0,0.0,0.0,0.0,0.0
071953,3.6,5.0,223.8,10.8,66.8,1009.5,214.9,0.0,0.0,0.0,0.0,0.0
072053,4.0,5.6,206.4,10.8,66.6,1009.5,220.2,0.0,0.0,0.0,0.0,0.0
072153,4.3,5.6,215.1,10.9,66.8,1009.5,225.4,0.0,0.0,0.0,0.0,0.0
072253,3.0,4.7,229.4,10.9,66.8,1009.5,214.9,0.0,0.0,0.0,0.0,0.0
072353,3.3,4.7,183.0,10.9,66.8,1009.5,214.9,0.0,0.0,0.0,0.0,0.0
072453,3.0,4.4,196.6,10.9,66.8,1009.5,209.7,0.0,0.0,0.0,0.0,0.0
072553,3.1,4.0,197.3,10.9,66.6,1009.5,209.7,0.0,0.0,0.0,0.0,0.0
072653,2.3,3.4,184.7,10.9,66.6,1009.5,209.7,0.0,0.0,0.0,0.0,0.0
072753,3.3,4.7,213.7,11.0,66.5,1009.5,194.0,0.0,0.0,0.0,0.0,0.0
072853,3.5,5.3,220.0,11.0,65.7,1009.5,178.2,0.0,0.0,0.0,0.0,0.0
072953,3.3,5.0,244.4,11.0,66.5,1009.5,157.2,0.0,0.0,0.0,0.0,0.0
073053,3.3,4.7,231.8,11.0,66.5,1009.5,146.8,0.0,0.0,0.0,0.0,0.0
073154,4.4,6.2,224.5,11.0,65.7,1009.5,152.0,0.0,0.0,0.0,0.0,0.0
073253,4.1,5.3,211.6,10.9,65.7,1009.5,157.2,0.0,0.0,0.0,0.0,0.0
073354,3.7,4.7,230.4,10.9,65.7,1009.5,167.7,0.0,0.0,0.0,0.0,0.0
073454,3.3,4.7,215.8,10.9,66.5,1009.5,167.7,0.0,0.0,0.0,0.0,0.0
073554,3.2,4.0,213.7,10.9,66.5,1009.5,173.0,0.0,0.0,0.0,0.0,0.0
073654,4.0,5.3,206.0,10.9,65.7,1009.5,173.0,0.0,0.0,0.0,0.0,0.0
073754,3.7,4.4,225.2,10.9,66.6,1009.5,178.2,0.0,0.0,0.0,0.0,0.0
073854,2.2,3.4,207.4,11.0,66.6,1009.5,183.5,0.0,0.0,0.0,0.0,0.0
073954,2.2,3.1,219.6,11.0,66.6,1009.5,188.7,0.0,0.0,0.0,0.0,0.0
074054,3.2,5.3,209.5,11.0,66.5,1009.5,183.5,0.0,0.0,0.0,0.0,0.0
074154,3.7,5.6,188.6,10.9,66.5,1009.3,183.5,0.0,0.0,0.0,0.0,0.0
074254,5.1,6.5,212.3,10.9,64.9,1009.5,183.5,0.0,0.0,0.0,0.0,0.0
074354,3.0,4.0,224.9,11.0,65.7,1009.5,188.7,0.0,0.0,0.0,0.0,0.0
074454,3.4,4.4,210.2,10.9,66.5,1009.5,199.2,0.0,0.0,0.0,0.0,0.0
074554,3.7,5.9,207.4,10.9,66.6,1009.3,199.2,0.0,0.0,0.0,0.0,0.0
074654,4.8,6.2,202.5,10.8,66.6,1009.3,194.0,0.0,0.0,0.0,0.0,0.0
074754,4.6,5.9,213.3,10.8,66.6,1009.5,183.5,0.0,0.0,0.0,0.0,0.0
074854,4.4,5.6,216.5,10.8,66.8,1009.5,162.5,0.0,0.0,0.0,0.0,0.0
074954,4.3,6.2,194.1,10.7,66.8,1009.3,157.2,0.0,0.0,0.0,0.0,0.0
075054,4.5,5.9,209.9,10.7,66.8,1009.3,146.8,0.0,0.0,0.0,0.0,0.0
075154,4.4,5.6,215.1,10.7,67.4,1009.3,136.3,0.0,0.0,0.0,0.0,0.0
075254,4.5,6.2,210.2,10.7,68.2,1009.5,136.3,0.0,0.0,0.0,0.0,0.0
075354,4.1,5.6,209.2,10.7,68.2,1009.5,146.8,0.0,0.0,0.0,0.0,0.0
075454,4.2,5.3,216.5,10.7,67.8,1009.5,152.0,0.0,0.0,0.0,0.0,0.0
075554,4.0,5.3,209.9,10.7,67.4,1009.5,152.0,0.0,0.0,0.0,0.0,0.0
075654,4.2,5.6,200.1,10.6,68.2,1009.5,152.0,0.0,0.0,0.0,0.0,0.0
075754,4.0,5.6,206.7,10.6,68.2,1009.5,152.0,0.0,0.0,0.0,0.0,0.0
075854,4.0,5.6,206.7,10.6,68.2,1009.5,146.8,0.0,0.0,0.0,0.0,0.0
075954,4.7,6.5,208.1,10.6,68.2,1009.5,141.5,0.0,0.0,0.0,0.0,0.0
080054,4.7,5.6,198.0,10.7,68.2,1009.5,141.5,0.0,0.0,0.0,0.0,0.0
080154,3.3,4.4,211.9,10.7,68.2,1009.5,141.5,0.0,0.0,0.0,0.0,0.0
080254,2.9,3.7,217.2,10.7,68.4,1009.5,146.8,0.0,0.0,0.0,0.0,0.0
080354,3.0,4.7,208.5,10.7,69.0,1009.5,152.0,0.0,0.0,0.0,0.0,0.0
080454,3.5,5.0,207.1,10.7,68.4,1009.5,157.2,0.0,0.0,0.0,0.0,0.0
080554,3.0,4.4,194.1,10.7,68.4,1009.5,178.2,0.0,0.0,0.0,0.0,0.0
080654,4.0,5.0,191.4,10.7,68.2,1009.5,199.2,0.0,0.0,0.0,0.0,0.0
080754,3.3,4.7,227.0,10.7,68.2,1009.5,199.2,0.0,0.0,0.0,0.0,0.0
080854,4.4,6.2,214.7,10.7,68.1,1009.3,188.7,0.0,0.0,0.0,0.0,0.0
080954,4.5,5.9,217.2,10.7,68.1,1009.5,188.7,0.0,0.0,0.0,0.0,0.0
081054,4.5,5.9,213.3,10.7,68.2,1009.5,183.5,0.0,0.0,0.0,0.0,0.0
081154,3.8,5.3,228.3,10.7,68.2,1009.5,162.5,0.0,0.0,0.0,0.0,0.0
081254,3.2,4.7,217.2,10.8,68.2,1009.5,152.0,0.0,0.0,0.0,0.0,0.0
081354,4.2,5.6,198.7,10.7,67.8,1009.5,152.0,0.0,0.0,0.0,0.0,0.0
081454,4.1,5.6,196.9,10.8,67.4,1009.5,136.3,0.0,0.0,0.0,0.0,0.0
081554,2.7,3.7,183.7,10.8,68.2,1009.6,136.3,0.0,0.0,0.0,0.0,0.0
081654,3.7,6.2,201.8,10.7,68.2,1009.6,141.5,0.0,0.0,0.0,0.0,0.0
081754,4.8,5.9,191.7,10.8,66.8,1009.6,152.0,0.0,0.0,0.0,0.0,0.0
081854,4.5,6.2,193.8,10.7,66.8,1009.6,157.2,0.0,0.0,0.0,0.0,0.0
081954,4.7,6.5,208.1,10.7,66.8,1009.5,173.0,0.0,0.0,0.0,0.0,0.0
082054,4.1,5.9,216.8,10.7,67.4,1009.5,225.4,0.0,0.0,0.0,0.0,0.0
082154,4.0,5.6,208.1,10.7,67.4,1009.6,251.6,0.0,0.0,0.0,0.0,0.0
082254,5.2,6.8,224.9,10.7,66.6,1009.5,288.3,0.0,0.0,0.0,0.0,0.0
082354,5.3,7.1,229.0,10.6,67.4,1009.6,361.8,0.0,0.0,0.0,0.0,0.0
082454,4.1,7.1,207.1,10.6,68.2,1009.5,435.2,0.0,0.0,0.0,0.0,0.0
082554,6.0,6.8,214.7,10.6,68.1,1009.5,377.5,0.0,0.0,0.0,0.0,0.0
082654,4.7,5.9,201.8,10.7,68.2,1009.6,393.2,0.0,0.0,0.0,0.0,0.0
082754,3.3,4.0,204.3,10.8,68.2,1009.6,503.4,0.0,0.0,0.0,0.0,0.0
082854,3.7,4.7,191.7,10.8,68.2,1009.6,414.2,0.0,0.0,0.0,0.0,0.0
082954,2.6,3.7,174.6,10.9,68.2,1009.5,435.2,0.0,0.0,0.0,0.0,0.0
083054,2.9,5.0,211.2,11.0,67.4,1009.6,419.4,0.0,0.0,0.0,0.0,0.0
083154,2.6,4.4,216.1,11.0,67.4,1009.6,356.5,0.0,0.0,0.0,0.0,0.0
083254,3.3,4.7,221.0,11.0,68.1,1009.6,283.1,0.0,0.0,0.0,0.0,0.0
083354,2.8,4.4,191.4,11.0,68.1,1009.6,262.1,0.0,0.0,0.0,0.0,0.0
083454,4.7,6.5,236.0,10.9,66.8,1009.6,256.9,0.0,0.0,0.0,0.0,0.0
083554,4.7,6.2,198.7,10.7,67.4,1009.6,372.3,0.0,0.0,0.0,0.0,0.0
083654,5.3,6.8,216.1,10.8,67.4,1009.6,351.3,0.0,0.0,0.0,0.0,0.0
083754,4.7,7.5,213.3,10.7,68.2,1009.6,272.6,0.0,0.0,0.0,0.0,0.0
083854,6.2,7.5,211.9,10.6,67.4,1009.6,251.6,0.0,0.0,0.0,0.0,0.0
083954,4.2,6.2,230.1,10.7,68.2,1009.6,220.2,0.0,0.0,0.0,0.0,0.0
084054,4.7,6.8,200.4,10.6,68.4,1009.6,267.4,0.0,0.0,0.0,0.0,0.0
084154,5.3,7.1,206.7,10.6,69.0,1009.6,225.4,0.0,0.0,0.0,0.0,0.0
084254,4.8,6.5,219.3,10.6,69.0,1009.8,225.4,0.0,0.0,0.0,0.0,0.0
084354,3.7,5.6,186.1,10.5,69.8,1009.6,241.2,0.0,0.0,0.0,0.0,0.0
084454,4.9,6.2,222.8,10.5,70.0,1009.6,267.4,0.0,0.0,0.0,0.0,0.0
084554,4.2,6.2,200.1,10.5,70.6,1009.6,272.6,0.0,0.0,0.0,0.0,0.0
084654,5.5,6.8,199.4,10.5,70.6,1009.6,262.1,0.0,0.0,0.0,0.0,0.0
084754,4.6,5.9,209.5,10.4,71.4,1009.6,241.2,0.0,0.0,0.0,0.0,0.0
084854,5.2,6.8,202.9,10.4,71.4,1009.6,225.4,0.0,0.0,0.0,0.0,0.0
084954,4.5,5.9,223.1,10.3,72.2,1009.6,214.9,0.0,0.0,0.0,0.0,0.0
085054,4.6,5.9,179.8,10.3,73.0,1009.6,209.7,0.0,0.0,0.0,0.0,0.0
085154,4.0,5.9,201.1,10.2,73.2,1009.6,214.9,0.0,0.0,0.0,0.0,0.0
085254,5.2,6.8,198.3,10.2,73.2,1009.6,220.2,0.0,0.0,0.0,0.0,0.0
085354,3.5,4.7,225.9,10.2,73.8,1009.8,220.2,0.0,0.0,0.0,0.0,0.0
085454,3.2,4.4,199.0,10.2,73.8,1009.8,220.2,0.0,0.0,0.0,0.0,0.0
085554,3.3,4.7,206.4,10.3,73.8,1009.8,214.9,0.0,0.0,0.0,0.0,0.0
085654,3.0,4.4,211.6,10.3,73.2,1009.6,209.7,0.0,0.0,0.0,0.0,0.0
085754,3.7,5.6,203.9,10.2,73.0,1009.6,204.4,0.0,0.0,0.0,0.0,0.0
085854,4.3,5.9,199.4,10.1,73.0,1009.6,204.4,0.0,0.0,0.0,0.0,0.0
085954,4.6,5.6,170.8,10.0,73.0,1009.8,204.4,0.0,0.0,0.0,0.0,0.0
090054,3.7,5.6,194.8,10.0,73.0,1009.8,214.9,0.0,0.0,0.0,0.0,0.0
090154,4.0,4.7,198.0,10.0,73.0,1009.6,225.4,0.0,0.0,0.0,0.0,0.0
090254,4.5,5.6,197.6,10.0,73.0,1009.8,235.9,0.0,0.0,0.0,0.0,0.0
090354,4.6,5.6,200.1,10.0,73.0,1009.8,241.2,0.0,0.0,0.0,0.0,0.0
090454,3.7,5.0,206.0,10.1,73.8,1009.8,251.6,0.0,0.0,0.0,0.0,0.0
090554,2.6,4.0,215.8,10.1,74.7,1009.6,293.6,0.0,0.0,0.0,0.0,0.0
090654,3.2,3.7,209.5,10.2,74.7,1009.8,309.3,0.0,0.0,0.0,0.0,0.0
090754,2.3,2.8,172.9,10.3,74.7,1009.6,304.1,0.0,0.0,0.0,0.0,0.0
090854,2.8,4.4,211.6,10.2,74.7,1009.6,319.8,0.0,0.0,0.0,0.0,0.0
090954,3.6,4.7,210.2,10.2,73.8,1009.6,445.7,0.0,0.0,0.0,0.0,0.0
091054,3.7,4.7,203.9,10.2,73.0,1009.6,671.2,0.0,0.0,0.0,0.0,0.0
091154,3.0,4.4,233.6,10.3,73.0,1009.6,597.7,0.0,0.0,0.0,0.0,0.0
091254,2.4,3.7,210.9,10.4,73.0,1009.8,372.3,0.0,0.0,0.0,0.0,0.0
091354,2.1,3.4,217.9,10.5,73.0,1009.8,346.0,0.0,0.0,0.0,0.0,0.0
091454,1.6,2.5,201.8,10.6,73.0,1009.6,377.5,0.0,0.0,0.0,0.0,0.0
091554,1.5,2.2,211.2,10.7,73.0,1009.8,367.0,0.0,0.0,0.0,0.0,0.0
091654,1.1,1.9,214.0,10.8,72.9,1009.8,335.5,0.0,0.0,0.0,0.0,0.0
091754,1.5,1.9,201.5,10.9,72.2,1009.8,561.0,0.0,0.0,0.0,0.0,0.0
091854,1.6,2.5,166.9,11.0,71.4,1009.8,828.5,0.0,0.0,0.0,0.0,0.0
091954,0.8,1.6,166.9,11.2,71.4,1009.8,807.5,0.0,0.0,0.0,0.0,0.0
092054,0.8,1.2,187.2,11.4,71.6,1009.8,812.7,0.0,0.0,0.0,0.0,0.0
092154,1.2,1.9,143.2,11.9,71.4,1009.8,875.7,0.0,0.0,0.0,0.0,0.0
092254,1.6,3.1,109.0,11.9,70.6,1009.6,576.8,0.0,0.0,0.0,0.0,0.0
092354,1.9,2.8,108.6,11.9,69.0,1009.8,367.0,0.0,0.0,0.0,0.0,0.0
092454,1.9,3.7,94.7,11.9,68.2,1009.8,304.1,0.0,0.0,0.0,0.0,0.0
092554,1.4,2.2,118.8,11.7,66.6,1009.8,262.1,0.0,0.0,0.0,0.0,0.0
092654,1.9,3.4,228.3,11.6,66.6,1009.8,235.9,0.0,0.0,0.0,0.0,0.0
092754,2.3,3.1,225.2,11.6,66.6,1009.8,220.2,0.0,0.0,0.0,0.0,0.0
092854,3.2,4.7,223.5,11.4,66.5,1009.6,204.4,0.0,0.0,0.0,0.0,0.0
092954,4.3,5.9,205.3,11.3,66.8,1009.8,188.7,0.0,0.0,0.0,0.0,0.0
093054,3.8,5.3,213.3,11.2,67.4,1009.8,178.2,0.0,0.0,0.0,0.0,0.0
093154,3.5,5.0,258.4,11.1,68.2,1009.8,173.0,0.0,0.0,0.0,0.0,0.0
093254,2.9,5.9,250.0,11.1,69.0,1009.6,178.2,0.0,0.0,0.0,0.0,0.0
093354,4.7,6.8,239.9,11.1,69.0,1009.8,194.0,0.0,0.0,0.0,0.0,0.0
093454,3.3,4.7,225.2,11.0,69.0,1009.8,209.7,0.0,0.0,0.0,0.0,0.0
093554,3.7,5.9,218.2,11.0,69.8,1009.8,225.4,0.0,0.0,0.0,0.0,0.0
093654,3.7,5.6,223.5,11.0,70.6,1009.8,235.9,0.0,0.0,0.0,0.0,0.0
093754,4.0,5.3,204.3,11.0,69.8,1009.8,235.9,0.0,0.0,0.0,0.0,0.0
093854,3.7,5.0,205.0,10.7,69.8,1009.8,235.9,0.0,0.0,0.0,0.0,0.0
093954,4.3,5.3,208.8,10.7,69.0,1009.8,230.7,0.0,0.0,0.0,0.0,0.0
094054,3.8,5.0,212.3,10.6,70.6,1009.8,235.9,0.0,0.0,0.0,0.0,0.0
094154,4.1,5.3,202.2,10.6,70.6,1009.8,235.9,0.0,0.0,0.0,0.0,0.0
094254,4.0,6.2,200.1,10.5,70.6,1009.8,230.7,0.0,0.0,0.0,0.0,0.0
094354,4.3,5.6,191.4,10.5,70.6,1009.8,214.9,0.0,0.0,0.0,0.0,0.0
094454,4.8,6.2,202.9,10.4,71.0,1009.8,199.2,0.0,0.0,0.0,0.0,0.0
094554,4.2,5.3,202.5,10.4,71.4,1009.8,194.0,0.0,0.0,0.0,0.0,0.0
094654,4.4,5.6,210.9,10.4,71.6,1009.8,194.0,0.0,0.0,0.0,0.0,0.0
094754,4.4,5.6,217.2,10.4,71.4,1009.8,188.7,0.0,0.0,0.0,0.0,0.0
094854,3.3,4.7,235.0,10.5,72.2,1009.8,183.5,0.0,0.0,0.0,0.0,0.0
094954,2.9,3.7,221.4,10.5,73.0,1009.8,178.2,0.0,0.0,0.0,0.0,0.0
095054,3.2,4.7,204.3,10.5,73.0,1010.0,162.5,0.0,0.0,0.0,0.0,0.0
095154,2.4,3.7,240.2,10.6,73.8,1010.0,152.0,0.0,0.0,0.0,0.0,0.0
095254,3.1,3.7,262.2,10.5,74.7,1009.8,141.5,0.0,0.0,0.0,0.0,0.0
095354,3.7,5.3,261.2,10.5,73.2,1010.0,131.0,0.0,0.0,0.0,0.0,0.0
095454,2.8,4.7,247.5,10.3,73.8,1010.0,131.0,0.0,0.0,0.0,0.0,0.0
095554,3.0,4.4,217.5,10.3,74.6,1010.0,136.3,0.0,0.0,0.0,0.0,0.0
095654,2.0,3.1,256.3,10.3,74.7,1010.0,136.3,0.0,0.0,0.0,0.0,0.0
095754,1.8,2.8,265.7,10.2,74.7,1010.0,131.0,0.0,0.0,0.0,0.0,0.0
095854,2.2,3.4,218.9,10.2,74.7,1009.8,125.8,0.0,0.0,0.0,0.0,0.0
095954,2.8,4.0,241.3,10.2,73.8,1010.0,120.5,0.0,0.0,0.0,0.0,0.0
100054,1.6,2.8,219.6,10.2,74.7,1010.0,115.3,0.0,0.0,0.0,0.0,0.0
100154,1.8,2.5,204.3,10.2,75.5,1009.8,115.3,0.0,0.0,0.0,0.0,0.0
100254,3.2,4.4,230.8,10.1,74.6,1010.0,110.1,0.0,0.0,0.0,0.0,0.0
100354,3.0,4.0,226.6,10.1,74.9,1010.0,110.1,0.0,0.0,0.0,0.0,0.0
100454,2.2,2.8,225.9,10.1,74.9,1009.8,115.3,0.0,0.0,0.0,0.0,0.0
100554,2.4,3.4,233.6,10.0,75.5,1009.8,131.0,0.0,0.0,0.0,0.0,0.0
100654,1.7,3.1,234.6,10.0,75.5,1009.8,152.0,0.0,0.0,0.0,0.0,0.0
100754,2.1,3.1,241.3,10.0,75.5,1010.0,173.0,0.0,0.0,0.0,0.0,0.0
100854,2.0,2.8,235.7,10.0,75.5,1010.0,178.2,0.0,0.0,0.0,0.0,0.0
100954,2.2,2.8,217.2,10.0,76.2,1010.0,183.5,0.0,0.0,0.0,0.0,0.0
101054,2.6,3.7,225.9,10.1,76.2,1010.0,188.7,0.0,0.0,0.0,0.0,0.0
101154,2.6,3.7,199.4,10.0,76.3,1010.0,194.0,0.0,0.0,0.0,0.0,0.0
101254,3.2,4.0,214.7,10.0,76.2,1010.0,204.4,0.0,0.0,0.0,0.0,0.0
101354,2.3,3.4,220.7,10.0,76.3,1010.0,209.7,0.0,0.0,0.0,0.0,0.0
101454,3.0,4.4,217.5,10.0,75.5,1010.0,220.2,0.0,0.0,0.0,0.0,0.0
101554,2.6,3.4,206.7,10.0,75.5,1010.0,225.4,0.0,0.0,0.0,0.0,0.0
101654,2.5,3.4,206.4,10.0,75.5,1010.0,241.2,0.0,0.0,0.0,0.0,0.0
101754,2.3,3.4,214.7,10.1,74.7,1010.0,256.9,0.0,0.0,0.0,0.0,0.0
101854,2.5,3.4,207.4,10.2,74.9,1010.0,277.9,0.0,0.0,0.0,0.0,0.0
101954,1.7,2.2,254.5,10.2,75.5,1010.0,309.3,0.0,0.0,0.0,0.0,0.0
102054,1.8,2.8,213.0,10.3,76.2,1010.0,346.0,0.0,0.0,0.0,0.0,0.0
102154,2.2,2.8,214.7,10.3,76.2,1010.0,508.6,0.0,0.0,0.0,0.0,0.0
102254,2.7,3.1,209.9,10.3,73.8,1010.0,676.4,0.0,0.0,0.0,0.0,0.0
102354,2.3,2.8,192.8,10.4,73.2,1010.0,671.2,0.0,0.0,0.0,0.0,0.0
102454,1.4,2.2,164.5,10.7,74.7,1010.0,592.5,0.0,0.0,0.0,0.0,0.0
102554,2.5,3.1,210.9,10.8,73.8,1010.0,346.0,0.0,0.0,0.0,0.0,0.0
102654,2.3,4.0,155.1,10.8,73.8,1010.0,309.3,0.0,0.0,0.0,0.0,0.0
102754,1.9,2.8,166.9,10.8,75.5,1010.0,309.3,0.0,0.0,0.0,0.0,0.0
102854,2.0,3.1,136.6,10.8,75.5,1010.0,314.6,0.0,0.0,0.0,0.0,0.0
102954,1.9,3.1,129.2,10.7,74.7,1010.0,309.3,0.0,0.0,0.0,0.0,0.0
103054,1.6,2.8,134.5,10.8,74.9,1010.0,319.8,0.0,0.0,0.0,0.0,0.0
103154,1.1,2.5,110.0,10.8,75.5,1010.0,346.0,0.0,0.0,0.0,0.0,0.0
103254,1.5,2.5,141.1,10.8,74.7,1010.0,466.6,0.0,0.0,0.0,0.0,0.0
103354,1.6,2.2,126.1,10.9,73.8,1010.0,555.8,0.0,0.0,0.0,0.0,0.0
103454,1.6,2.5,132.0,10.9,73.0,1010.0,613.5,0.0,0.0,0.0,0.0,0.0
103554,1.6,2.5,130.6,11.0,73.0,1010.0,561.0,0.0,0.0,0.0,0.0,0.0
103654,1.3,2.2,149.5,11.1,73.0,1010.0,760.3,0.0,0.0,0.0,0.0,0.0
103754,1.9,2.8,203.2,11.0,72.2,1010.0,592.5,0.0,0.0,0.0,0.0,0.0
103854,2.2,2.8,183.7,11.0,70.6,1010.0,440.4,0.0,0.0,0.0,0.0,0.0
103954,1.8,2.5,180.5,11.0,71.3,1010.1,377.5,0.0,0.0,0.0,0.0,0.0
104054,1.3,2.2,186.5,11.1,71.4,1010.1,330.3,0.0,0.0,0.0,0.0,0.0
104154,1.5,2.5,202.5,11.1,71.6,1010.1,304.1,0.0,0.0,0.0,0.0,0.0
104254,1.6,2.5,183.7,11.1,71.4,1010.1,277.9,0.0,0.0,0.0,0.0,0.0
104354,1.2,1.9,187.5,11.1,71.6,1010.1,246.4,0.0,0.0,0.0,0.0,0.0
104454,1.9,2.5,186.5,11.0,71.4,1010.1,225.4,0.0,0.0,0.0,0.0,0.0
104554,1.5,1.9,166.6,11.0,71.4,1010.1,241.2,0.0,0.0,0.0,0.0,0.0
104654,1.4,1.9,178.4,11.0,71.4,1010.1,262.1,0.0,0.0,0.0,0.0,0.0
104754,1.8,2.5,152.3,11.0,71.4,1010.1,277.9,0.0,0.0,0.0,0.0,0.0
104854,1.6,2.5,170.8,11.0,71.4,1010.0,288.3,0.0,0.0,0.0,0.0,0.0
104954,1.9,3.4,159.6,11.0,70.6,1010.1,298.8,0.0,0.0,0.0,0.0,0.0
105054,1.7,2.8,191.4,11.0,69.7,1010.1,304.1,0.0,0.0,0.0,0.0,0.0
105154,2.1,2.8,190.3,11.0,69.8,1010.1,314.6,0.0,0.0,0.0,0.0,0.0
105254,2.0,2.8,183.0,11.0,69.8,1010.1,319.8,0.0,0.0,0.0,0.0,0.0
105354,2.3,3.1,188.9,11.0,69.8,1010.1,346.0,0.0,0.0,0.0,0.0,0.0
105454,2.7,3.4,175.0,11.0,69.0,1010.1,361.8,0.0,0.0,0.0,0.0,0.0
105554,2.6,3.4,181.6,11.0,69.7,1010.1,372.3,0.0,0.0,0.0,0.0,0.0
105654,2.2,3.1,165.5,11.0,69.8,1010.1,393.2,0.0,0.0,0.0,0.0,0.0
105754,1.9,3.1,223.1,11.0,69.8,1010.1,414.2,0.0,0.0,0.0,0.0,0.0
105854,2.3,3.1,195.5,11.0,69.0,1010.1,513.8,0.0,0.0,0.0,0.0,0.0
105954,1.7,2.5,198.0,11.1,69.7,1010.1,723.6,0.0,0.0,0.0,0.0,0.0
110054,1.2,1.9,185.4,11.5,70.0,1010.1,503.4,0.0,0.0,0.0,0.0,0.0
110154,2.3,3.7,169.0,11.4,69.0,1010.1,655.4,0.0,0.0,0.0,0.0,0.0
110254,2.1,3.1,206.0,11.5,69.0,1010.0,498.1,0.0,0.0,0.0,0.0,0.0
110354,2.6,5.0,188.6,11.4,68.4,1010.1,519.1,0.0,0.0,0.0,0.0,0.0
110454,3.8,4.7,215.1,11.2,68.2,1010.0,550.5,0.0,0.0,0.0,0.0,0.0
110554,3.7,4.4,213.3,11.2,68.2,1010.0,875.7,0.0,0.0,0.0,0.0,0.0
110654,2.4,4.4,188.6,11.6,69.0,1010.1,723.6,0.0,0.0,0.0,0.0,0.0
110754,2.0,3.4,176.3,11.6,68.2,1010.1,639.7,0.0,0.0,0.0,0.0,0.0
110854,2.8,4.7,159.9,11.6,68.1,1010.1,618.7,0.0,0.0,0.0,0.0,0.0
110954,2.6,4.7,166.9,11.5,66.8,1010.1,681.6,0.0,0.0,0.0,0.0,0.0
111054,3.3,4.7,195.5,11.3,66.6,1010.1,429.9,0.0,0.0,0.0,0.0,0.0
111154,3.2,4.4,166.9,11.2,66.6,1010.1,393.2,0.0,0.0,0.0,0.0,0.0
111254,2.7,4.4,209.9,11.2,66.8,1010.1,508.6,0.0,0.0,0.0,0.0,0.0
111354,3.3,4.4,150.9,11.2,67.4,1010.1,409.0,0.0,0.0,0.0,0.0,0.0
111454,2.6,4.7,180.2,11.1,67.4,1010.1,409.0,0.0,0.0,0.0,0.0,0.0
111554,3.3,4.7,174.3,11.1,67.4,1010.1,445.7,0.0,0.0,0.0,0.0,0.0
111654,2.9,3.7,185.8,11.1,67.4,1010.1,734.1,0.0,0.0,0.0,0.0,0.0
111754,3.6,5.0,210.6,11.1,68.2,1010.1,812.7,0.0,0.0,0.0,0.0,0.0
111854,3.8,5.3,210.9,11.1,68.2,1010.1,639.7,0.0,0.0,0.0,0.0,0.0
111954,5.4,6.5,211.2,11.0,68.2,1010.1,639.7,0.0,0.0,0.0,0.0,0.0
112054,4.4,5.9,200.1,11.0,68.2,1010.1,833.7,0.0,0.0,0.0,0.0,0.0
112154,3.4,5.0,208.5,11.2,69.8,1010.1,928.1,0.0,0.0,0.0,0.0,0.0
112254,4.5,5.3,209.5,11.0,68.4,1010.1,928.1,0.0,0.0,0.0,0.0,0.0
112354,4.9,5.9,183.0,11.2,69.0,1010.1,954.3,0.0,0.0,0.0,0.0,0.0
112454,4.3,6.5,160.3,11.5,69.0,1010.1,996.3,0.0,0.0,0.0,0.0,0.0
112554,3.1,4.4,218.9,11.5,68.2,1010.1,812.7,0.0,0.0,0.0,0.0,0.0
112654,3.0,4.4,205.0,11.8,69.0,1010.1,807.5,0.0,0.0,0.0,0.0,0.0
112754,4.4,5.9,202.5,11.7,68.2,1010.1,608.2,0.0,0.0,0.0,0.0,0.0
112854,5.9,7.8,218.2,11.4,67.4,1010.0,555.8,0.0,0.0,0.0,0.0,0.0
112954,5.1,6.8,202.9,11.5,68.4,1010.0,424.7,0.0,0.0,0.0,0.0,0.0
113054,5.5,8.1,202.5,11.4,68.1,1010.1,398.5,0.0,0.0,0.0,0.0,0.0
113154,4.7,5.9,202.5,11.4,68.2,1010.1,613.5,0.0,0.0,0.0,0.0,0.0
113254,4.7,6.5,213.7,11.4,68.2,1010.1,639.7,0.0,0.0,0.0,0.0,0.0
113354,4.1,6.2,197.3,11.5,68.2,1010.1,435.2,0.0,0.0,0.0,0.0,0.0
113454,5.5,7.1,170.1,11.4,67.4,1010.3,429.9,0.0,0.0,0.0,0.0,0.0
113554,4.1,5.9,174.6,11.4,67.4,1010.3,498.1,0.0,0.0,0.0,0.0,0.0
113654,4.4,6.2,207.8,11.6,68.2,1010.3,603.0,0.0,0.0,0.0,0.0,0.0
113754,4.3,5.9,187.9,11.6,68.2,1010.3,886.2,0.0,0.0,0.0,0.0,0.0
113854,4.2,5.6,201.5,11.6,66.8,1010.3,949.1,0.0,0.0,0.0,0.0,0.0
113954,4.5,6.5,210.2,11.6,67.4,1010.3,880.9,0.0,0.0,0.0,0.0,0.0
114054,3.1,4.7,192.8,11.8,68.1,1010.3,676.4,0.0,0.0,0.0,0.0,0.0
114154,3.0,5.3,177.0,11.9,66.6,1010.1,728.8,0.0,0.0,0.0,0.0,0.0
114254,2.6,3.7,213.7,12.2,66.6,1010.1,718.4,0.0,0.0,0.0,0.0,0.0
114354,2.9,5.6,182.6,12.1,66.6,1010.1,555.8,0.0,0.0,0.0,0.0,0.0
114454,5.1,8.4,225.9,11.9,66.6,1010.3,424.7,0.0,0.0,0.0,0.0,0.0
114554,4.4,7.8,223.1,11.8,65.7,1010.3,356.5,0.0,0.0,0.0,0.0,0.0
114654,5.1,7.8,193.1,11.6,65.7,1010.3,309.3,0.0,0.0,0.0,0.0,0.0
114754,4.7,7.5,175.7,11.5,65.1,1010.1,288.3,0.0,0.0,0.0,0.0,0.0
114854,6.1,7.8,209.9,11.2,64.9,1010.1,267.4,0.0,0.0,0.0,0.0,0.0
114954,6.6,8.4,197.6,11.2,65.7,1010.3,256.9,0.0,0.0,0.0,0.0,0.0
115054,5.7,8.1,200.1,11.2,66.6,1010.3,256.9,0.0,0.0,0.0,0.0,0.0
115154,5.3,7.5,207.8,11.2,66.8,1010.3,267.4,0.0,0.0,0.0,0.0,0.0
115254,5.5,7.1,169.7,11.2,66.6,1010.3,272.6,0.0,0.0,0.0,0.0,0.0
115354,4.0,5.6,206.0,11.3,67.4,1010.3,262.1,0.0,0.0,0.0,0.0,0.0
115454,5.0,7.5,174.3,11.3,67.4,1010.3,262.1,0.0,0.0,0.0,0.0,0.0
115554,4.9,6.2,202.5,11.2,67.4,1010.3,251.6,0.0,0.0,0.0,0.0,0.0
115654,4.7,6.5,208.5,11.2,68.2,1010.3,246.4,0.0,0.0,0.0,0.0,0.0
115754,4.3,6.2,211.9,11.4,68.2,1010.3,246.4,0.0,0.0,0.0,0.0,0.0
115854,4.2,6.5,213.3,11.3,69.0,1010.5,241.2,0.0,0.0,0.0,0.0,0.0
115954,4.5,7.1,215.8,11.3,69.0,1010.3,251.6,0.0,0.0,0.0,0.0,0.0
120054,4.5,5.9,203.2,11.2,69.0,1010.3,277.9,0.0,0.0,0.0,0.0,0.0
120154,4.1,5.6,213.3,11.2,69.8,1010.3,314.6,0.0,0.0,0.0,0.0,0.0
120254,5.1,5.6,207.8,11.2,69.0,1010.5,340.8,0.0,0.0,0.0,0.0,0.0
120354,5.0,6.2,211.2,11.0,69.0,1010.3,372.3,0.0,0.0,0.0,0.0,0.0
120454,5.4,7.5,180.5,11.0,68.4,1010.5,409.0,0.0,0.0,0.0,0.0,0.0
120554,3.7,5.0,199.0,11.0,69.8,1010.3,419.4,0.0,0.0,0.0,0.0,0.0
120654,3.6,4.7,202.5,11.1,69.8,1010.3,393.2,0.0,0.0,0.0,0.0,0.0
120754,3.7,5.0,200.4,11.0,69.8,1010.3,361.8,0.0,0.0,0.0,0.0,0.0
120854,4.2,5.9,195.9,11.1,70.6,1010.3,351.3,0.0,0.0,0.0,0.0,0.0
120954,4.1,5.9,211.2,11.2,71.4,1010.3,361.8,0.0,0.0,0.0,0.0,0.0
121054,4.0,5.6,169.0,11.2,70.6,1010.5,377.5,0.0,0.0,0.0,0.0,0.0
121154,3.3,4.7,177.0,11.3,69.8,1010.3,398.5,0.0,0.0,0.0,0.0,0.0
121254,2.3,3.4,193.8,11.4,70.0,1010.5,414.2,0.0,0.0,0.0,0.0,0.0
121354,3.1,4.4,193.4,11.4,69.8,1010.5,440.4,0.0,0.0,0.0,0.0,0.0
121454,3.0,4.0,184.7,11.4,69.7,1010.5,429.9,0.0,0.0,0.0,0.0,0.0
121554,3.4,4.7,206.7,11.3,69.0,1010.5,429.9,0.0,0.0,0.0,0.0,0.0
121654,4.4,5.6,215.8,11.3,69.0,1010.5,435.2,0.0,0.0,0.0,0.0,0.0
121754,4.1,5.9,151.6,11.4,69.0,1010.5,445.7,0.0,0.0,0.0,0.0,0.0
121854,4.1,6.2,178.4,11.3,69.0,1010.5,445.7,0.0,0.0,0.0,0.0,0.0
121954,3.1,4.7,202.5,11.4,69.8,1010.5,456.2,0.0,0.0,0.0,0.0,0.0
122054,3.3,5.0,186.5,11.4,69.0,1010.3,487.6,0.0,0.0,0.0,0.0,0.0
122154,3.7,5.3,165.5,11.5,68.2,1010.5,482.4,0.0,0.0,0.0,0.0,0.0
122254,2.6,4.4,207.8,11.6,68.2,1010.5,540.1,0.0,0.0,0.0,0.0,0.0
122354,2.9,5.6,175.7,11.6,68.2,1010.5,529.6,0.0,0.0,0.0,0.0,0.0
122454,4.6,6.8,198.3,11.4,66.6,1010.3,524.3,0.0,0.0,0.0,0.0,0.0
122554,4.0,5.9,167.3,11.5,67.4,1010.3,639.7,0.0,0.0,0.0,0.0,0.0
122654,3.3,5.0,186.8,11.6,67.4,1010.3,776.0,0.0,0.0,0.0,0.0,0.0
122754,3.1,4.7,208.1,11.8,66.6,1010.3,1027.8,0.0,0.0,0.0,0.0,0.0
122854,3.0,5.3,170.8,12.0,66.6,1010.3,1048.7,0.0,0.0,0.0,0.0,0.0
122954,2.4,3.4,179.5,12.1,66.6,1010.3,901.9,0.0,0.0,0.0,0.0,0.0
123054,2.7,5.3,179.8,12.0,66.6,1010.3,440.4,0.0,0.0,0.0,0.0,0.0
123154,3.3,5.6,206.7,11.9,64.9,1010.3,644.9,0.0,0.0,0.0,0.0,0.0
123254,4.3,5.9,179.8,11.9,64.9,1010.3,545.3,0.0,0.0,0.0,0.0,0.0
123354,3.3,5.3,211.9,11.9,64.5,1010.3,377.5,0.0,0.0,0.0,0.0,0.0
123454,3.7,5.3,225.2,11.8,64.1,1010.3,398.5,0.0,0.0,0.0,0.0,0.0
123554,4.0,4.7,168.0,11.8,64.9,1010.3,665.9,0.0,0.0,0.0,0.0,0.0
123654,3.4,4.7,193.8,11.9,64.9,1010.3,707.9,0.0,0.0,0.0,0.0,0.0
123754,3.0,4.0,216.1,12.1,64.9,1010.3,498.1,0.0,0.0,0.0,0.0,0.0
123854,3.0,4.4,211.2,12.2,65.7,1010.3,477.1,0.0,0.0,0.0,0.0,0.0
123954,4.0,5.6,190.0,12.0,64.9,1010.3,566.3,0.0,0.0,0.0,0.0,0.0
124054,4.0,5.3,188.9,11.9,64.1,1010.3,707.9,0.0,0.0,0.0,0.0,0.0
124154,3.3,4.7,208.5,11.8,64.1,1010.3,802.3,0.0,0.0,0.0,0.0,0.0
124254,3.3,5.0,239.2,11.9,64.9,1010.3,802.3,0.0,0.0,0.0,0.0,0.0
124354,3.0,4.0,225.2,12.1,65.1,1010.3,728.8,0.0,0.0,0.0,0.0,0.0
124454,3.3,5.0,216.5,12.2,65.7,1010.3,828.5,0.0,0.0,0.0,0.0,0.0
124554,2.8,5.0,213.3,12.2,64.9,1010.3,854.7,0.0,0.0,0.0,0.0,0.0
124654,1.9,3.7,214.7,12.3,64.9,1010.3,865.2,0.0,0.0,0.0,0.0,0.0
124754,3.3,4.4,218.2,12.1,63.2,1010.3,870.4,0.0,0.0,0.0,0.0,0.0
124854,3.0,4.0,229.4,12.2,62.5,1010.3,492.9,0.0,0.0,0.0,0.0,0.0
124954,2.3,3.4,214.4,12.2,63.3,1010.3,791.8,0.0,0.0,0.0,0.0,0.0
125054,3.3,5.0,233.9,12.3,63.5,1010.3,865.2,0.0,0.0,0.0,0.0,0.0
125154,2.7,3.7,243.0,12.3,63.3,1010.3,618.7,0.0,0.0,0.0,0.0,0.0
125254,1.6,2.8,209.9,12.3,64.1,1010.3,314.6,0.0,0.0,0.0,0.0,0.0
125354,2.7,4.0,195.2,12.2,64.1,1010.3,356.5,0.0,0.0,0.0,0.0,0.0
125454,2.6,3.4,206.0,12.3,64.1,1010.3,456.2,0.0,0.0,0.0,0.0,0.0
125554,2.6,3.4,216.1,12.2,63.3,1010.3,503.4,0.0,0.0,0.0,0.0,0.0
125654,1.9,2.8,178.8,12.3,63.3,1010.3,576.8,0.0,0.0,0.0,0.0,0.0
125754,3.0,4.7,226.3,12.3,63.3,1010.3,309.3,0.0,0.0,0.0,0.0,0.0
125854,2.8,4.0,177.0,12.3,63.3,1010.3,272.6,0.0,0.0,0.0,0.0,0.0
125954,2.6,4.4,226.6,12.3,63.3,1010.3,839.0,0.0,0.0,0.0,0.0,0.0
130054,2.4,3.4,230.8,12.4,63.3,1010.3,912.4,0.0,0.0,0.0,0.0,0.0
130154,2.4,3.4,242.0,12.4,63.3,1010.3,891.4,0.0,0.0,0.0,0.0,0.0
130254,1.8,3.1,179.5,12.4,63.3,1010.3,886.2,0.0,0.0,0.0,0.0,0.0
130354,2.2,2.8,188.2,12.5,62.5,1010.3,875.7,0.0,0.0,0.0,0.0,0.0
130454,2.2,3.4,193.4,12.5,62.5,1010.3,828.5,0.0,0.0,0.0,0.0,0.0
130554,2.9,4.0,246.8,12.4,61.9,1010.3,812.7,0.0,0.0,0.0,0.0,0.0
130654,2.7,4.0,178.8,12.4,61.7,1010.3,812.7,0.0,0.0,0.0,0.0,0.0
130754,2.1,2.8,195.9,12.6,62.5,1010.3,828.5,0.0,0.0,0.0,0.0,0.0
130854,1.2,1.9,204.6,12.8,63.2,1010.3,833.7,0.0,0.0,0.0,0.0,0.0
130954,1.3,2.8,275.1,13.2,63.3,1010.1,844.2,0.0,0.0,0.0,0.0,0.0
131054,2.8,4.0,223.1,12.9,61.7,1010.1,839.0,0.0,0.0,0.0,0.0,0.0
131154,3.7,5.0,257.3,12.8,61.3,1010.1,823.2,0.0,0.0,0.0,0.0,0.0
131254,2.6,4.4,182.6,13.0,61.7,1010.1,812.7,0.0,0.0,0.0,0.0,0.0
131354,2.6,4.0,189.6,12.9,61.7,1010.1,791.8,0.0,0.0,0.0,0.0,0.0
131454,3.3,4.7,222.8,13.0,61.3,1010.1,786.5,0.0,0.0,0.0,0.0,0.0
131554,3.7,5.0,263.2,13.0,60.9,1010.1,797.0,0.0,0.0,0.0,0.0,0.0
131654,2.0,3.4,298.1,13.1,61.6,1010.1,272.6,0.0,0.0,0.0,0.0,0.0
131754,1.5,2.8,317.3,13.1,60.3,1010.1,167.7,0.0,0.0,0.0,0.0,0.0
131854,1.7,2.5,216.1,13.1,60.9,1010.1,178.2,0.0,0.0,0.0,0.0,0.0
131954,3.3,5.0,208.8,12.5,59.3,1010.3,393.2,0.0,0.0,0.0,0.0,0.0
132054,2.1,3.7,177.7,12.5,60.1,1010.3,429.9,0.0,0.0,0.0,0.0,0.0
132154,2.2,3.1,247.5,12.6,60.9,1010.1,330.3,0.0,0.0,0.0,0.0,0.0
132254,3.2,4.0,251.0,12.6,60.9,1010.1,571.5,0.0,0.0,0.0,0.0,0.0
132354,3.1,4.4,272.0,12.7,61.7,1010.1,508.6,0.0,0.0,0.0,0.0,0.0
132454,2.7,4.0,230.4,12.7,61.7,1010.1,414.2,0.0,0.0,0.0,0.0,0.0
132554,2.5,4.0,227.7,12.9,61.7,1010.3,807.5,0.0,0.0,0.0,0.0,0.0
132654,1.2,1.9,232.9,13.1,61.7,1010.3,959.6,0.0,0.0,0.0,0.0,0.0
132754,1.9,3.1,332.0,13.2,60.9,1010.3,928.1,0.0,0.0,0.0,0.0,0.0
132854,1.4,2.8,263.2,13.5,61.7,1010.3,859.9,0.0,0.0,0.0,0.0,0.0
132954,2.6,5.3,236.7,13.3,60.1,1010.1,781.3,0.0,0.0,0.0,0.0,0.0
133054,4.0,5.3,248.9,12.9,59.3,1010.3,540.1,0.0,0.0,0.0,0.0,0.0
133154,3.7,5.0,234.3,12.8,60.0,1010.1,550.5,0.0,0.0,0.0,0.0,0.0
133254,1.9,4.0,199.4,12.9,60.3,1010.1,985.8,0.0,0.0,0.0,0.0,0.0
133354,2.0,3.1,169.4,13.3,61.3,1010.1,613.5,0.0,0.0,0.0,0.0,0.0
133454,2.7,4.0,196.6,13.1,60.1,1010.1,818.0,0.0,0.0,0.0,0.0,0.0
133554,5.1,6.5,235.3,12.8,59.3,1010.1,629.2,0.0,0.0,0.0,0.0,0.0
133654,3.8,5.6,200.1,12.7,59.3,1010.1,382.7,0.0,0.0,0.0,0.0,0.0
133754,3.2,4.0,195.5,12.5,60.1,1010.1,346.0,0.0,0.0,0.0,0.0,0.0
133854,3.0,3.7,216.5,12.5,60.1,1010.1,319.8,0.0,0.0,0.0,0.0,0.0
133954,3.4,5.0,277.9,12.7,60.9,1010.1,293.6,0.0,0.0,0.0,0.0,0.0
134054,3.1,4.4,248.2,12.9,61.6,1010.3,277.9,0.0,0.0,0.0,0.0,0.0
134154,2.2,4.4,247.2,12.9,60.9,1010.1,267.4,0.0,0.0,0.0,0.0,0.0
134254,3.3,5.6,235.3,12.8,60.9,1010.1,277.9,0.0,0.0,0.0,0.0,0.0
134354,4.6,5.9,238.5,12.7,60.9,1010.1,414.2,0.0,0.0,0.0,0.0,0.0
134454,3.7,5.9,254.9,12.7,61.3,1010.3,450.9,0.0,0.0,0.0,0.0,0.0
134554,3.0,4.7,263.6,12.6,60.9,1010.3,886.2,0.0,0.0,0.0,0.0,0.0
134654,2.4,4.0,242.0,12.7,61.6,1010.3,907.1,0.0,0.0,0.0,0.0,0.0
134754,3.0,5.3,231.5,12.8,60.9,1010.3,828.5,0.0,0.0,0.0,0.0,0.0
134854,2.5,3.7,214.7,12.8,60.3,1010.3,828.5,0.0,0.0,0.0,0.0,0.0
134954,3.3,4.4,205.3,12.7,60.3,1010.3,802.3,0.0,0.0,0.0,0.0,0.0
135054,3.0,4.4,196.2,12.8,60.9,1010.3,828.5,0.0,0.0,0.0,0.0,0.0
135154,3.1,4.7,206.0,12.9,60.9,1010.3,802.3,0.0,0.0,0.0,0.0,0.0
135254,3.3,4.7,211.9,13.2,61.7,1010.3,749.8,0.0,0.0,0.0,0.0,0.0
135354,3.3,4.7,201.8,13.3,60.3,1010.3,755.1,0.0,0.0,0.0,0.0,0.0
135454,3.9,5.9,176.3,12.8,59.3,1010.3,749.8,0.0,0.0,0.0,0.0,0.0
135554,2.3,3.7,195.9,12.9,59.3,1010.3,739.3,0.0,0.0,0.0,0.0,0.0
135654,2.9,3.7,215.8,12.9,59.3,1010.3,755.1,0.0,0.0,0.0,0.0,0.0
135754,2.9,4.7,208.5,13.1,59.3,1010.3,734.1,0.0,0.0,0.0,0.0,0.0
135854,3.8,5.3,186.1,13.0,58.4,1010.3,524.3,0.0,0.0,0.0,0.0,0.0
135954,3.5,4.4,210.6,12.9,58.7,1010.3,498.1,0.0,0.0,0.0,0.0,0.0
140054,3.1,4.7,184.7,12.9,58.7,1010.3,676.4,0.0,0.0,0.0,0.0,0.0
140154,3.0,4.0,202.2,13.0,58.7,1010.3,618.7,0.0,0.0,0.0,0.0,0.0
140254,3.7,5.0,211.6,12.8,59.3,1010.3,377.5,0.0,0.0,0.0,0.0,0.0
140354,3.3,4.7,214.4,13.1,60.0,1010.3,388.0,0.0,0.0,0.0,0.0,0.0
140454,2.2,3.1,174.3,13.1,60.1,1010.3,361.8,0.0,0.0,0.0,0.0,0.0
140554,3.8,5.0,205.3,12.8,58.7,1010.3,372.3,0.0,0.0,0.0,0.0,0.0
140654,3.5,5.3,208.1,12.8,58.7,1010.3,409.0,0.0,0.0,0.0,0.0,0.0
140754,3.1,4.7,207.1,12.7,60.1,1010.3,508.6,0.0,0.0,0.0,0.0,0.0
140854,2.1,3.7,179.8,12.8,60.1,1010.3,781.3,0.0,0.0,0.0,0.0,0.0
140954,2.4,4.4,152.3,12.8,60.1,1010.3,786.5,0.0,0.0,0.0,0.0,0.0
141054,2.8,3.7,185.1,12.8,60.1,1010.3,765.6,0.0,0.0,0.0,0.0,0.0
141154,1.5,3.1,208.1,13.1,60.3,1010.3,765.6,0.0,0.0,0.0,0.0,0.0
141254,2.3,4.7,178.4,13.2,60.1,1010.3,734.1,0.0,0.0,0.0,0.0,0.0
141354,2.3,3.7,145.6,13.3,60.1,1010.3,702.6,0.0,0.0,0.0,0.0,0.0
141454,2.1,4.4,112.8,13.1,60.1,1010.3,707.9,0.0,0.0,0.0,0.0,0.0
141554,2.0,4.0,119.1,13.3,60.3,1010.3,718.4,0.0,0.0,0.0,0.0,0.0
141654,2.1,3.7,129.9,13.3,60.3,1010.3,697.4,0.0,0.0,0.0,0.0,0.0
141754,2.3,4.0,138.3,13.1,60.1,1010.3,639.7,0.0,0.0,0.0,0.0,0.0
141854,2.3,3.7,206.0,13.2,60.3,1010.3,456.2,0.0,0.0,0.0,0.0,0.0
141954,2.3,4.4,191.7,13.3,60.1,1010.3,571.5,0.0,0.0,0.0,0.0,0.0
142054,1.9,2.8,186.8,13.3,60.1,1010.3,608.2,0.0,0.0,0.0,0.0,0.0
142154,2.3,3.4,164.8,13.2,59.3,1010.3,561.0,0.0,0.0,0.0,0.0,0.0
142254,1.6,3.1,183.0,13.2,59.7,1010.3,382.7,0.0,0.0,0.0,0.0,0.0
142354,2.0,3.1,188.6,13.1,59.3,1010.3,429.9,0.0,0.0,0.0,0.0,0.0
142454,1.9,3.1,224.9,13.2,59.3,1010.3,393.2,0.0,0.0,0.0,0.0,0.0
142554,1.6,3.1,196.6,13.3,59.3,1010.3,388.0,0.0,0.0,0.0,0.0,0.0
142654,2.0,3.1,196.6,13.3,59.3,1010.3,618.7,0.0,0.0,0.0,0.0,0.0
142754,1.6,2.8,214.7,13.4,59.7,1010.3,461.4,0.0,0.0,0.0,0.0,0.0
142854,2.5,3.7,135.2,13.2,58.4,1010.3,367.0,0.0,0.0,0.0,0.0,0.0
142954,2.1,3.4,181.6,13.2,58.7,1010.3,372.3,0.0,0.0,0.0,0.0,0.0
143054,2.8,4.0,193.1,12.9,58.7,1010.3,429.9,0.0,0.0,0.0,0.0,0.0
143154,3.6,4.7,196.6,12.9,58.7,1010.5,382.7,0.0,0.0,0.0,0.0,0.0
143254,2.3,3.7,185.8,12.9,59.3,1010.3,361.8,0.0,0.0,0.0,0.0,0.0
143354,2.2,3.7,180.2,12.9,59.3,1010.3,319.8,0.0,0.0,0.0,0.0,0.0
143454,2.7,4.7,222.4,12.9,59.3,1010.5,298.8,0.0,0.0,0.0,0.0,0.0
143554,2.8,3.7,221.7,12.9,59.7,1010.5,293.6,0.0,0.0,0.0,0.0,0.0
143654,1.6,2.5,173.6,12.8,59.3,1010.5,298.8,0.0,0.0,0.0,0.0,0.0
143754,1.9,3.1,167.6,12.8,60.1,1010.5,309.3,0.0,0.0,0.0,0.0,0.0
143854,2.0,3.4,208.1,12.8,60.3,1010.3,372.3,0.0,0.0,0.0,0.0,0.0
143954,2.1,3.4,173.2,12.8,60.9,1010.3,466.6,0.0,0.0,0.0,0.0,0.0
144054,2.3,3.4,220.0,12.9,60.9,1010.3,550.5,0.0,0.0,0.0,0.0,0.0
144154,1.9,3.1,199.0,13.1,61.6,1010.3,660.7,0.0,0.0,0.0,0.0,0.0
144254,2.3,3.1,223.8,13.2,60.9,1010.3,503.4,0.0,0.0,0.0,0.0,0.0
144354,3.7,5.3,230.4,13.1,59.7,1010.3,435.2,0.0,0.0,0.0,0.0,0.0
144454,3.1,5.0,269.5,13.1,59.3,1010.3,424.7,0.0,0.0,0.0,0.0,0.0
144554,4.6,5.9,252.8,12.9,58.4,1010.3,372.3,0.0,0.0,0.0,0.0,0.0
144654,3.9,5.3,248.9,12.9,59.3,1010.3,377.5,0.0,0.0,0.0,0.0,0.0
144754,3.9,6.2,264.3,12.8,59.3,1010.3,346.0,0.0,0.0,0.0,0.0,0.0
144854,3.7,4.4,246.5,12.8,60.0,1010.3,356.5,0.0,0.0,0.0,0.0,0.0
144954,3.1,5.3,225.6,12.8,60.1,1010.3,356.5,0.0,0.0,0.0,0.0,0.0
145054,2.3,3.4,204.3,12.9,60.1,1010.3,393.2,0.0,0.0,0.0,0.0,0.0
145154,3.4,4.4,220.7,12.9,60.3,1010.3,424.7,0.0,0.0,0.0,0.0,0.0
145254,3.9,5.6,237.4,12.8,60.1,1010.3,409.0,0.0,0.0,0.0,0.0,0.0
145354,4.5,6.2,250.3,12.7,60.1,1010.3,409.0,0.0,0.0,0.0,0.0,0.0
145454,4.8,6.8,252.1,12.5,60.1,1010.3,393.2,0.0,0.0,0.0,0.0,0.0
145554,4.0,5.6,246.1,12.6,60.9,1010.3,382.7,0.0,0.0,0.0,0.0,0.0
145654,3.3,5.3,206.7,12.6,60.9,1010.3,372.3,0.0,0.0,0.0,0.0,0.0
145754,2.5,3.4,258.0,12.7,61.3,1010.3,367.0,0.0,0.0,0.0,0.0,0.0
145854,1.9,3.1,218.6,12.8,61.3,1010.3,361.8,0.0,0.0,0.0,0.0,0.0
145954,4.1,5.6,227.0,12.8,60.9,1010.3,361.8,0.0,0.0,0.0,0.0,0.0
150054,4.1,5.3,248.2,12.8,60.9,1010.3,361.8,0.0,0.0,0.0,0.0,0.0
150154,3.4,5.0,249.3,12.9,61.7,1010.3,356.5,0.0,0.0,0.0,0.0,0.0
150254,3.5,5.3,257.3,12.7,60.1,1010.3,351.3,0.0,0.0,0.0,0.0,0.0
150354,2.3,4.0,238.5,12.7,60.1,1010.3,361.8,0.0,0.0,0.0,0.0,0.0
150454,3.3,4.4,205.0,12.6,60.9,1010.3,377.5,0.0,0.0,0.0,0.0,0.0
150554,3.1,4.4,236.0,12.8,61.7,1010.3,382.7,0.0,0.0,0.0,0.0,0.0
150654,3.4,5.0,219.3,12.8,60.9,1010.3,388.0,0.0,0.0,0.0,0.0,0.0
150754,2.6,4.4,205.3,12.9,61.7,1010.3,393.2,0.0,0.0,0.0,0.0,0.0
150854,3.9,4.7,242.7,12.9,60.9,1010.3,382.7,0.0,0.0,0.0,0.0,0.0
150954,2.5,4.0,244.4,12.9,60.9,1010.5,367.0,0.0,0.0,0.0,0.0,0.0
151054,2.7,4.0,207.8,12.9,60.9,1010.5,356.5,0.0,0.0,0.0,0.0,0.0
151154,2.4,3.1,228.7,12.9,60.9,1010.3,351.3,0.0,0.0,0.0,0.0,0.0
151254,3.2,5.0,250.0,12.7,61.3,1010.5,346.0,0.0,0.0,0.0,0.0,0.0
151354,3.3,4.4,255.2,12.8,60.9,1010.5,330.3,0.0,0.0,0.0,0.0,0.0
151454,3.3,5.3,251.0,12.7,60.9,1010.5,309.3,0.0,0.0,0.0,0.0,0.0
151554,3.0,4.4,248.2,12.7,61.7,1010.5,288.3,0.0,0.0,0.0,0.0,0.0
151654,3.3,4.4,210.9,12.6,61.6,1010.3,283.1,0.0,0.0,0.0,0.0,0.0
151754,4.4,5.9,238.8,12.5,61.7,1010.5,272.6,0.0,0.0,0.0,0.0,0.0
151854,3.7,6.5,236.7,12.5,61.7,1010.5,262.1,0.0,0.0,0.0,0.0,0.0
151954,3.0,6.5,217.9,12.5,61.7,1010.5,267.4,0.0,0.0,0.0,0.0,0.0
152054,3.0,4.7,222.4,12.6,61.7,1010.5,277.9,0.0,0.0,0.0,0.0,0.0
152154,2.7,3.7,227.3,12.5,61.7,1010.5,277.9,0.0,0.0,0.0,0.0,0.0
152254,3.8,5.0,211.2,12.4,61.7,1010.5,277.9,0.0,0.0,0.0,0.0,0.0
152354,2.7,3.7,219.3,12.4,61.7,1010.5,272.6,0.0,0.0,0.0,0.0,0.0
152454,3.2,5.3,211.2,12.4,61.7,1010.3,267.4,0.0,0.0,0.0,0.0,0.0
152554,3.7,4.4,212.3,12.3,61.7,1010.3,256.9,0.0,0.0,0.0,0.0,0.0
152654,4.1,5.9,212.3,12.3,61.3,1010.5,235.9,0.0,0.0,0.0,0.0,0.0
152754,3.1,3.7,216.8,12.3,61.7,1010.5,214.9,0.0,0.0,0.0,0.0,0.0
152854,2.5,3.4,223.5,12.3,61.9,1010.5,188.7,0.0,0.0,0.0,0.0,0.0
152954,2.6,4.0,236.0,12.3,62.5,1010.3,173.0,0.0,0.0,0.0,0.0,0.0
153054,3.3,5.6,226.3,12.5,62.5,1010.5,157.2,0.0,0.0,0.0,0.0,0.0
153154,2.2,3.1,218.6,12.5,61.9,1010.5,152.0,0.0,0.0,0.0,0.0,0.0
153254,2.0,3.4,259.4,12.5,62.5,1010.5,141.5,0.0,0.0,0.0,0.0,0.0
153354,3.4,4.4,263.2,12.5,61.7,1010.5,131.0,0.0,0.0,0.0,0.0,0.0
153454,3.3,5.0,216.8,12.5,61.9,1010.3,125.8,0.0,0.0,0.0,0.0,0.0
153554,4.7,5.6,231.8,12.5,61.7,1010.5,120.5,0.0,0.0,0.0,0.0,0.0
153654,4.0,5.3,230.8,12.3,60.9,1010.5,120.5,0.0,0.0,0.0,0.0,0.0
153754,3.1,5.0,239.9,12.3,61.7,1010.5,131.0,0.0,0.0,0.0,0.0,0.0
153854,3.0,3.7,243.0,12.3,61.7,1010.5,136.3,0.0,0.0,0.0,0.0,0.0
153954,1.9,3.1,176.3,12.4,62.5,1010.5,146.8,0.0,0.0,0.0,0.0,0.0
154054,1.6,3.4,228.7,12.5,62.5,1010.5,162.5,0.0,0.0,0.0,0.0,0.0
154154,2.5,3.4,213.0,12.4,62.5,1010.5,178.2,0.0,0.0,0.0,0.0,0.0
154254,2.5,3.4,220.7,12.4,62.5,1010.5,199.2,0.0,0.0,0.0,0.0,0.0
154354,2.8,3.7,257.7,12.4,62.9,1010.5,225.4,0.0,0.0,0.0,0.0,0.0
154454,3.0,4.4,207.1,12.4,63.3,1010.3,246.4,0.0,0.0,0.0,0.0,0.0
154554,3.0,4.4,215.1,12.4,62.5,1010.5,246.4,0.0,0.0,0.0,0.0,0.0
154654,2.7,3.4,215.1,12.4,63.3,1010.5,235.9,0.0,0.0,0.0,0.0,0.0
154754,2.6,3.4,211.6,12.3,63.3,1010.5,220.2,0.0,0.0,0.0,0.0,0.0
154854,2.3,3.1,209.5,12.3,63.3,1010.5,209.7,0.0,0.0,0.0,0.0,0.0
154954,2.3,2.8,210.2,12.4,63.3,1010.5,214.9,0.0,0.0,0.0,0.0,0.0
155054,1.6,2.2,159.6,12.4,63.3,1010.5,230.7,0.0,0.0,0.0,0.0,0.0
155154,1.9,3.4,181.9,12.5,63.3,1010.5,230.7,0.0,0.0,0.0,0.0,0.0
155254,2.3,3.1,168.0,12.5,63.2,1010.5,235.9,0.0,0.0,0.0,0.0,0.0
155354,1.9,3.1,185.8,12.6,62.5,1010.5,246.4,0.0,0.0,0.0,0.0,0.0
155454,2.3,4.0,193.1,12.5,61.7,1010.5,246.4,0.0,0.0,0.0,0.0,0.0
155554,2.2,3.4,198.3,12.5,61.7,1010.5,246.4,0.0,0.0,0.0,0.0,0.0
155654,2.4,3.4,171.5,12.5,61.7,1010.5,241.2,0.0,0.0,0.0,0.0,0.0
155754,2.2,3.4,179.8,12.5,61.7,1010.5,235.9,0.0,0.0,0.0,0.0,0.0
155854,2.6,3.4,146.3,12.4,61.7,1010.5,246.4,0.0,0.0,0.0,0.0,0.0
155954,1.9,3.4,183.0,12.5,61.7,1010.5,256.9,0.0,0.0,0.0,0.0,0.0
160054,1.8,3.4,157.9,12.6,61.7,1010.5,267.4,0.0,0.0,0.0,0.0,0.0
160154,1.5,2.8,207.1,12.6,61.7,1010.7,283.1,0.0,0.0,0.0,0.0,0.0
160254,2.3,3.4,202.2,12.6,61.7,1010.5,340.8,0.0,0.0,0.0,0.0,0.0
160354,2.2,3.1,218.2,12.6,61.7,1010.5,367.0,0.0,0.0,0.0,0.0,0.0
160454,2.6,3.7,208.1,12.6,61.7,1010.5,367.0,0.0,0.0,0.0,0.0,0.0
160554,2.0,3.1,171.8,12.7,62.5,1010.7,471.9,0.0,0.0,0.0,0.0,0.0
160654,1.4,1.9,198.0,12.8,63.3,1010.7,576.8,0.0,0.0,0.0,0.0,0.0
160754,1.0,1.6,217.2,13.0,63.3,1010.7,524.3,0.0,0.0,0.0,0.0,0.0
160854,1.4,2.5,231.1,13.2,63.3,1010.7,382.7,0.0,0.0,0.0,0.0,0.0
160954,1.7,2.8,191.0,13.2,62.5,1010.7,346.0,0.0,0.0,0.0,0.0,0.0
161054,1.8,3.1,200.4,13.2,62.5,1010.7,351.3,0.0,0.0,0.0,0.0,0.0
161154,1.8,3.4,177.0,13.0,61.9,1010.7,346.0,0.0,0.0,0.0,0.0,0.0
161254,2.6,3.1,170.1,12.7,61.7,1010.7,325.1,0.0,0.0,0.0,0.0,0.0
161354,2.3,3.4,222.1,12.8,61.9,1010.5,304.1,0.0,0.0,0.0,0.0,0.0
161454,4.0,5.6,185.4,12.8,61.7,1010.7,277.9,0.0,0.0,0.0,0.0,0.0
161554,2.9,4.0,193.8,12.6,61.7,1010.7,272.6,0.0,0.0,0.0,0.0,0.0
161654,2.4,4.0,200.1,12.7,61.7,1010.7,277.9,0.0,0.0,0.0,0.0,0.0
161754,2.6,3.7,218.6,12.8,61.7,1010.7,288.3,0.0,0.0,0.0,0.0,0.0
161854,2.5,3.7,211.9,12.8,61.7,1010.7,293.6,0.0,0.0,0.0,0.0,0.0
161954,2.3,3.7,199.0,12.8,61.9,1010.7,304.1,0.0,0.0,0.0,0.0,0.0
162054,3.2,4.4,228.7,12.9,61.7,1010.5,277.9,0.0,0.0,0.0,0.0,0.0
162154,4.5,6.2,226.6,12.8,61.7,1010.7,309.3,0.0,0.0,0.0,0.0,0.0
162254,3.6,5.9,190.7,12.6,61.7,1010.7,398.5,0.0,0.0,0.0,0.0,0.0
162354,3.5,4.7,247.9,12.6,61.7,1010.7,471.9,0.0,0.0,0.0,0.0,0.0
162454,3.3,5.0,229.4,12.8,61.9,1010.5,429.9,0.0,0.0,0.0,0.0,0.0
162554,3.6,5.0,223.1,12.8,61.7,1010.7,409.0,0.0,0.0,0.0,0.0,0.0
162654,2.7,4.4,198.7,12.7,62.5,1010.7,466.6,0.0,0.0,0.0,0.0,0.0
162754,2.3,3.7,220.3,12.8,61.9,1010.7,403.7,0.0,0.0,0.0,0.0,0.0
162854,2.6,3.4,243.0,12.8,61.7,1010.5,524.3,0.0,0.0,0.0,0.0,0.0
162954,3.1,4.7,231.5,12.9,61.7,1010.5,749.8,0.0,0.0,0.0,0.0,0.0
163054,2.5,3.7,217.2,13.0,61.7,1010.5,786.5,0.0,0.0,0.0,0.0,0.0
163154,3.0,4.4,218.2,13.1,60.9,1010.5,765.6,0.0,0.0,0.0,0.0,0.0
163254,2.0,3.1,203.2,13.4,61.7,1010.5,760.3,0.0,0.0,0.0,0.0,0.0
163354,2.8,3.7,190.3,13.4,60.9,1010.5,744.6,0.0,0.0,0.0,0.0,0.0
163454,1.5,2.8,211.6,13.4,60.3,1010.5,728.8,0.0,0.0,0.0,0.0,0.0
163554,2.1,3.1,218.2,13.4,60.1,1010.5,713.1,0.0,0.0,0.0,0.0,0.0
163654,1.2,2.5,191.0,13.5,60.1,1010.5,650.2,0.0,0.0,0.0,0.0,0.0
163754,2.4,3.1,222.1,13.4,60.1,1010.5,487.6,0.0,0.0,0.0,0.0,0.0
163854,2.3,3.1,183.3,13.6,60.1,1010.7,435.2,0.0,0.0,0.0,0.0,0.0
163954,1.0,2.2,213.7,13.6,60.1,1010.5,519.1,0.0,0.0,0.0,0.0,0.0
164054,1.2,2.8,277.9,13.7,60.1,1010.5,624.0,0.0,0.0,0.0,0.0,0.0
164154,2.3,3.7,213.0,13.7,60.0,1010.5,576.8,0.0,0.0,0.0,0.0,0.0
164254,2.7,3.7,215.4,13.7,58.4,1010.5,498.1,0.0,0.0,0.0,0.0,0.0
164354,1.9,2.8,191.7,13.7,58.4,1010.5,361.8,0.0,0.0,0.0,0.0,0.0
164454,1.2,1.9,194.8,13.6,58.4,1010.5,304.1,0.0,0.0,0.0,0.0,0.0
164554,1.2,2.2,204.3,13.7,58.4,1010.5,309.3,0.0,0.0,0.0,0.0,0.0
164654,1.2,2.5,224.5,13.7,58.4,1010.5,272.6,0.0,0.0,0.0,0.0,0.0
164754,1.6,3.1,203.9,13.6,58.4,1010.5,256.9,0.0,0.0,0.0,0.0,0.0
164854,3.0,4.0,190.0,13.3,58.4,1010.5,241.2,0.0,0.0,0.0,0.0,0.0
164954,2.8,3.7,179.5,13.2,58.4,1010.5,235.9,0.0,0.0,0.0,0.0,0.0
165054,1.4,2.8,184.4,13.3,58.7,1010.5,235.9,0.0,0.0,0.0,0.0,0.0
165154,1.2,2.2,138.0,13.4,59.3,1010.5,304.1,0.0,0.0,0.0,0.0,0.0
165254,1.1,1.9,207.4,13.6,59.3,1010.5,414.2,0.0,0.0,0.0,0.0,0.0
165354,3.1,5.3,172.9,13.3,58.4,1010.5,356.5,0.0,0.0,0.0,0.0,0.0
165454,2.6,4.7,198.7,13.3,58.4,1010.5,304.1,0.0,0.0,0.0,0.0,0.0
165554,1.5,2.2,170.8,13.3,58.4,1010.5,277.9,0.0,0.0,0.0,0.0,0.0
165654,3.4,4.7,224.5,13.2,58.0,1010.5,267.4,0.0,0.0,0.0,0.0,0.0
165754,2.6,4.4,193.4,13.4,58.0,1010.5,251.6,0.0,0.0,0.0,0.0,0.0
165854,1.2,1.6,186.1,13.5,58.3,1010.5,235.9,0.0,0.0,0.0,0.0,0.0
165954,1.6,2.8,189.6,13.5,58.3,1010.5,262.1,0.0,0.0,0.0,0.0,0.0
170054,1.8,3.4,186.5,13.5,57.6,1010.5,267.4,0.0,0.0,0.0,0.0,0.0
170154,2.2,3.4,198.0,13.3,57.0,1010.5,262.1,0.0,0.0,0.0,0.0,0.0
170254,2.6,4.0,183.0,13.2,57.6,1010.5,319.8,0.0,0.0,0.0,0.0,0.0
170354,1.7,2.5,199.0,13.2,57.6,1010.5,508.6,0.0,0.0,0.0,0.0,0.0
170454,1.6,2.8,175.0,13.3,58.0,1010.5,393.2,0.0,0.0,0.0,0.0,0.0
170554,1.9,2.8,172.9,13.2,57.6,1010.5,288.3,0.0,0.0,0.0,0.0,0.0
170654,2.0,2.8,146.3,13.1,57.6,1010.5,403.7,0.0,0.0,0.0,0.0,0.0
170754,1.5,2.2,192.4,13.3,57.6,1010.5,450.9,0.0,0.0,0.0,0.0,0.0
170854,2.0,3.7,171.5,13.3,57.6,1010.5,492.9,0.0,0.0,0.0,0.0,0.0
170954,1.6,3.1,187.5,13.4,57.6,1010.5,461.4,0.0,0.0,0.0,0.0,0.0
171054,1.3,2.2,204.3,13.5,57.6,1010.5,529.6,0.0,0.0,0.0,0.0,0.0
171154,1.6,2.5,180.2,13.6,58.0,1010.5,445.7,0.0,0.0,0.0,0.0,0.0
171254,1.4,2.5,199.7,13.6,57.6,1010.5,382.7,0.0,0.0,0.0,0.0,0.0
171354,1.5,2.2,208.5,13.7,57.6,1010.5,314.6,0.0,0.0,0.0,0.0,0.0
171454,1.5,2.5,195.9,13.7,57.6,1010.5,283.1,0.0,0.0,0.0,0.0,0.0
171554,1.8,3.1,210.2,13.6,57.0,1010.5,393.2,0.0,0.0,0.0,0.0,0.0
171654,1.7,2.5,165.9,13.6,57.0,1010.5,424.7,0.0,0.0,0.0,0.0,0.0
171754,1.4,2.5,198.0,13.6,57.0,1010.5,445.7,0.0,0.0,0.0,0.0,0.0
171854,2.1,3.4,183.0,13.5,57.0,1010.5,277.9,0.0,0.0,0.0,0.0,0.0
171954,1.3,2.5,148.8,13.5,57.6,1010.5,214.9,0.0,0.0,0.0,0.0,0.0
172054,1.3,2.5,201.8,13.6,57.6,1010.5,424.7,0.0,0.0,0.0,0.0,0.0
172154,1.0,1.6,177.0,13.7,58.3,1010.5,477.1,0.0,0.0,0.0,0.0,0.0
172254,1.2,2.5,142.8,13.7,57.6,1010.5,293.6,0.0,0.0,0.0,0.0,0.0
172354,1.3,1.9,204.3,13.7,57.0,1010.5,204.4,0.0,0.0,0.0,0.0,0.0
172454,1.4,2.5,163.4,13.7,56.8,1010.5,194.0,0.0,0.0,0.0,0.0,0.0
172554,1.0,1.6,162.7,13.6,56.7,1010.5,199.2,0.0,0.0,0.0,0.0,0.0
172654,1.6,3.1,129.2,13.6,56.0,1010.5,230.7,0.0,0.0,0.0,0.0,0.0
172754,1.8,2.5,154.0,13.6,56.7,1010.3,456.2,0.0,0.0,0.0,0.0,0.0
172854,1.6,2.2,168.3,13.6,56.8,1010.5,340.8,0.0,0.0,0.0,0.0,0.0
172954,0.9,1.9,112.8,13.6,56.8,1010.3,230.7,0.0,0.0,0.0,0.0,0.0
173054,1.8,3.1,190.7,13.6,57.0,1010.3,194.0,0.0,0.0,0.0,0.0,0.0
173154,1.7,2.5,205.0,13.5,56.8,1010.3,183.5,0.0,0.0,0.0,0.0,0.0
173254,1.3,2.8,156.5,13.5,56.8,1010.5,167.7,0.0,0.0,0.0,0.0,0.0
173354,1.4,1.9,196.9,13.4,57.0,1010.5,162.5,0.0,0.0,0.0,0.0,0.0
173454,1.9,2.8,200.4,13.3,57.6,1010.3,173.0,0.0,0.0,0.0,0.0,0.0
173554,3.6,5.0,212.3,13.1,56.8,1010.3,183.5,0.0,0.0,0.0,0.0,0.0
173654,3.3,5.0,212.6,13.1,56.8,1010.3,194.0,0.0,0.0,0.0,0.0,0.0
173754,3.1,4.0,201.5,13.1,57.6,1010.3,204.4,0.0,0.0,0.0,0.0,0.0
173854,3.0,3.7,200.1,13.1,58.3,1010.3,230.7,0.0,0.0,0.0,0.0,0.0
173954,2.7,3.7,194.8,13.1,58.4,1010.3,262.1,0.0,0.0,0.0,0.0,0.0
174054,3.2,4.7,202.5,13.1,58.0,1010.3,251.6,0.0,0.0,0.0,0.0,0.0
174154,2.9,3.4,253.8,13.1,58.4,1010.3,251.6,0.0,0.0,0.0,0.0,0.0
174254,2.5,4.7,217.2,13.2,58.4,1010.3,256.9,0.0,0.0,0.0,0.0,0.0
174354,3.0,3.7,196.6,13.2,58.7,1010.3,256.9,0.0,0.0,0.0,0.0,0.0
174454,3.0,4.7,198.3,13.1,58.7,1010.3,272.6,0.0,0.0,0.0,0.0,0.0
174554,4.4,5.3,210.6,13.0,58.4,1010.3,283.1,0.0,0.0,0.0,0.0,0.0
174654,4.0,5.3,215.1,13.1,58.4,1010.3,298.8,0.0,0.0,0.0,0.0,0.0
174754,3.9,5.3,200.8,12.9,58.4,1010.3,377.5,0.0,0.0,0.0,0.0,0.0
174854,4.3,5.6,205.0,12.9,58.4,1010.3,414.2,0.0,0.0,0.0,0.0,0.0
174954,4.3,5.3,240.2,13.0,58.4,1010.3,566.3,0.0,0.0,0.0,0.0,0.0
175054,3.3,4.4,225.2,13.1,58.7,1010.3,513.8,0.0,0.0,0.0,0.0,0.0
175154,2.8,4.0,196.6,13.3,59.3,1010.3,524.3,0.0,0.0,0.0,0.0,0.0
175254,3.1,4.7,200.4,13.4,58.7,1010.3,319.8,0.0,0.0,0.0,0.0,0.0
175354,3.5,4.7,198.7,13.3,58.4,1010.3,225.4,0.0,0.0,0.0,0.0,0.0
175454,4.7,6.2,206.4,13.0,57.6,1010.3,188.7,0.0,0.0,0.0,0.0,0.0
175554,4.0,5.6,204.3,13.0,58.4,1010.3,167.7,0.0,0.0,0.0,0.0,0.0
175654,2.4,4.4,205.0,13.0,58.7,1010.3,157.2,0.0,0.0,0.0,0.0,0.0
175754,3.7,4.7,194.1,12.9,58.4,1010.3,152.0,0.0,0.0,0.0,0.0,0.0
175854,3.9,5.9,233.9,12.9,58.4,1010.3,141.5,0.0,0.0,0.0,0.0,0.0
175954,3.9,5.0,231.1,13.0,58.4,1010.3,146.8,0.0,0.0,0.0,0.0,0.0
180054,3.5,5.0,195.5,12.9,59.3,1010.3,157.2,0.0,0.0,0.0,0.0,0.0
180154,3.8,6.2,225.6,12.9,58.4,1010.3,167.7,0.0,0.0,0.0,0.0,0.0
180254,4.7,6.5,217.2,12.8,58.4,1010.3,173.0,0.0,0.0,0.0,0.0,0.0
180354,2.6,3.7,249.3,12.9,58.4,1010.3,178.2,0.0,0.0,0.0,0.0,0.0
180454,3.6,5.0,226.6,12.9,59.3,1010.3,188.7,0.0,0.0,0.0,0.0,0.0
180554,4.3,5.0,234.6,12.9,59.3,1010.3,288.3,0.0,0.0,0.0,0.0,0.0
180654,3.6,5.0,202.5,12.9,59.3,1010.3,230.7,0.0,0.0,0.0,0.0,0.0
180754,3.3,4.0,208.5,12.9,59.3,1010.3,214.9,0.0,0.0,0.0,0.0,0.0
180854,2.5,3.4,219.3,13.0,60.1,1010.3,367.0,0.0,0.0,0.0,0.0,0.0
180954,3.0,5.0,230.8,13.1,60.0,1010.3,398.5,0.0,0.0,0.0,0.0,0.0
181054,2.6,3.4,218.9,13.2,59.3,1010.3,393.2,0.0,0.0,0.0,0.0,0.0
181154,3.1,4.0,240.6,13.2,58.4,1010.3,325.1,0.0,0.0,0.0,0.0,0.0
181254,2.5,3.7,233.2,13.3,58.4,1010.3,377.5,0.0,0.0,0.0,0.0,0.0
181354,2.2,2.8,236.7,13.4,58.7,1010.3,235.9,0.0,0.0,0.0,0.0,0.0
181454,2.0,3.1,201.8,13.5,59.3,1010.3,188.7,0.0,0.0,0.0,0.0,0.0
181554,3.1,4.0,209.5,13.3,58.4,1010.3,167.7,0.0,0.0,0.0,0.0,0.0
181654,2.9,3.7,187.9,13.2,59.3,1010.3,167.7,0.0,0.0,0.0,0.0,0.0
181754,3.3,4.0,228.7,13.2,59.3,1010.3,173.0,0.0,0.0,0.0,0.0,0.0
181854,3.5,4.4,202.9,13.1,59.3,1010.3,167.7,0.0,0.0,0.0,0.0,0.0
181954,2.3,3.7,223.5,13.3,59.3,1010.3,173.0,0.0,0.0,0.0,0.0,0.0
182054,3.3,4.4,242.7,13.3,60.1,1010.3,194.0,0.0,0.0,0.0,0.0,0.0
182154,2.6,3.4,238.1,13.3,59.3,1010.3,214.9,0.0,0.0,0.0,0.0,0.0
182254,2.3,3.4,192.8,13.2,59.7,1010.3,220.2,0.0,0.0,0.0,0.0,0.0
182354,3.3,4.0,206.4,13.1,59.3,1010.3,262.1,0.0,0.0,0.0,0.0,0.0
182454,2.5,3.7,199.7,13.0,60.1,1010.3,251.6,0.0,0.0,0.0,0.0,0.0
182554,2.3,3.1,188.6,13.0,60.1,1010.3,330.3,0.0,0.0,0.0,0.0,0.0
182654,2.1,3.1,216.1,13.1,60.1,1010.3,487.6,0.0,0.0,0.0,0.0,0.0
182754,2.6,3.7,174.3,13.2,60.1,1010.3,445.7,0.0,0.0,0.0,0.0,0.0
182854,2.6,4.4,180.5,13.2,59.3,1010.3,471.9,0.0,0.0,0.0,0.0,0.0
182954,2.5,3.7,195.9,13.2,59.3,1010.3,440.4,0.0,0.0,0.0,0.0,0.0
183054,3.3,5.0,202.2,13.3,59.3,1010.3,314.6,0.0,0.0,0.0,0.0,0.0
183154,4.3,5.6,206.4,13.3,58.7,1010.3,267.4,0.0,0.0,0.0,0.0,0.0
183254,3.5,5.6,218.2,13.3,59.3,1010.3,246.4,0.0,0.0,0.0,0.0,0.0
183354,4.0,5.3,219.6,13.4,58.4,1010.3,235.9,0.0,0.0,0.0,0.0,0.0
183454,3.2,4.4,226.3,13.3,58.0,1010.3,209.7,0.0,0.0,0.0,0.0,0.0
183554,3.3,5.9,222.8,13.3,58.4,1010.3,194.0,0.0,0.0,0.0,0.0,0.0
183654,4.4,5.6,214.0,13.1,57.6,1010.3,194.0,0.0,0.0,0.0,0.0,0.0
183754,2.7,4.0,208.5,13.1,58.4,1010.3,194.0,0.0,0.0,0.0,0.0,0.0
183854,2.9,3.4,232.9,13.2,58.4,1010.3,188.7,0.0,0.0,0.0,0.0,0.0
183954,3.6,5.3,235.7,13.2,58.4,1010.3,194.0,0.0,0.0,0.0,0.0,0.0
184054,3.2,4.7,206.4,13.3,58.4,1010.3,225.4,0.0,0.0,0.0,0.0,0.0
184154,2.3,3.7,255.9,13.3,58.4,1010.3,246.4,0.0,0.0,0.0,0.0,0.0
184254,2.9,5.6,244.8,13.3,58.4,1010.3,277.9,0.0,0.0,0.0,0.0,0.0
184354,4.0,7.1,222.8,13.2,58.3,1010.3,272.6,0.0,0.0,0.0,0.0,0.0
184454,2.6,3.7,242.0,13.3,58.7,1010.3,204.4,0.0,0.0,0.0,0.0,0.0
184554,3.7,5.6,253.5,13.3,58.4,1010.1,183.5,0.0,0.0,0.0,0.0,0.0
184654,4.7,6.8,275.1,13.1,58.0,1010.3,178.2,0.0,0.0,0.0,0.0,0.0
184754,2.6,3.7,262.2,13.1,58.4,1010.3,178.2,0.0,0.0,0.0,0.0,0.0
184854,3.3,4.4,245.8,13.1,58.4,1010.3,173.0,0.0,0.0,0.0,0.0,0.0
184954,3.4,4.4,199.7,12.9,58.4,1010.1,167.7,0.0,0.0,0.0,0.0,0.0
185054,4.0,5.3,251.7,12.9,58.4,1010.1,167.7,0.0,0.0,0.0,0.0,0.0
185154,4.4,6.8,237.4,12.9,57.6,1010.1,173.0,0.0,0.0,0.0,0.0,0.0
185254,4.4,6.2,234.6,12.8,58.4,1010.3,178.2,0.0,0.0,0.0,0.0,0.0
185354,4.0,5.9,264.3,12.8,58.4,1010.3,194.0,0.0,0.0,0.0,0.0,0.0
185454,2.9,5.0,223.1,12.8,58.7,1010.1,214.9,0.0,0.0,0.0,0.0,0.0
185554,4.5,5.6,225.6,12.7,58.7,1010.1,220.2,0.0,0.0,0.0,0.0,0.0
185654,3.7,5.3,214.0,12.7,59.3,1010.1,235.9,0.0,0.0,0.0,0.0,0.0
185754,2.5,3.7,228.3,12.8,59.3,1010.1,267.4,0.0,0.0,0.0,0.0,0.0
185854,3.9,5.3,234.6,12.8,59.3,1010.1,246.4,0.0,0.0,0.0,0.0,0.0
185954,4.4,6.2,231.1,12.7,59.3,1010.1,230.7,0.0,0.0,0.0,0.0,0.0
190054,3.6,5.3,251.4,12.8,58.7,1010.1,220.2,0.0,0.0,0.0,0.0,0.0
190154,3.3,5.3,239.5,12.8,60.0,1010.1,194.0,0.0,0.0,0.0,0.0,0.0
190254,2.6,3.7,234.3,12.8,60.1,1010.1,188.7,0.0,0.0,0.0,0.0,0.0
190354,4.4,6.5,248.6,12.8,59.3,1010.1,183.5,0.0,0.0,0.0,0.0,0.0
190454,3.1,5.3,211.2,12.8,59.3,1010.1,183.5,0.0,0.0,0.0,0.0,0.0
190554,5.0,6.8,220.3,12.7,58.4,1010.1,173.0,0.0,0.0,0.0,0.0,0.0
190654,5.3,7.5,217.5,12.6,58.4,1010.1,162.5,0.0,0.0,0.0,0.0,0.0
190754,4.1,5.6,220.3,12.6,58.7,1010.1,157.2,0.0,0.0,0.0,0.0,0.0
190854,3.0,4.0,238.8,12.6,59.3,1010.1,152.0,0.0,0.0,0.0,0.0,0.0
190954,3.9,5.9,267.1,12.6,60.1,1010.1,146.8,0.0,0.0,0.0,0.0,0.0
191054,2.3,3.4,225.9,12.7,60.1,1010.1,146.8,0.0,0.0,0.0,0.0,0.0
191154,4.9,6.8,268.5,12.6,59.3,1010.1,152.0,0.0,0.0,0.0,0.0,0.0
191254,2.4,4.0,208.5,12.6,60.1,1010.1,178.2,0.0,0.0,0.0,0.0,0.0
191354,3.3,4.7,220.7,12.6,59.3,1010.1,167.7,0.0,0.0,0.0,0.0,0.0
191454,2.3,3.4,271.3,12.7,60.1,1010.1,157.2,0.0,0.0,0.0,0.0,0.0
191554,2.8,3.7,240.9,12.8,60.1,1010.1,162.5,0.0,0.0,0.0,0.0,0.0
191654,2.1,3.7,237.1,12.7,60.1,1010.0,183.5,0.0,0.0,0.0,0.0,0.0
191754,3.2,4.7,209.5,12.7,58.4,1010.1,209.7,0.0,0.0,0.0,0.0,0.0
191854,2.2,3.7,227.7,12.7,59.7,1010.1,214.9,0.0,0.0,0.0,0.0,0.0
191954,3.7,4.7,221.0,12.7,59.3,1010.0,199.2,0.0,0.0,0.0,0.0,0.0
192054,4.0,5.6,239.2,12.7,58.4,1010.0,241.2,0.0,0.0,0.0,0.0,0.0
192154,4.3,5.3,226.6,12.7,58.4,1010.0,199.2,0.0,0.0,0.0,0.0,0.0
192254,2.9,3.7,221.4,12.7,59.3,1010.0,178.2,0.0,0.0,0.0,0.0,0.0
192354,3.0,3.7,221.4,12.8,59.3,1010.0,178.2,0.0,0.0,0.0,0.0,0.0
192454,2.1,3.4,229.4,12.8,59.3,1010.0,214.9,0.0,0.0,0.0,0.0,0.0
192554,3.8,5.3,233.9,12.8,58.4,1010.0,199.2,0.0,0.0,0.0,0.0,0.0
192654,4.0,6.5,216.1,12.7,57.6,1010.0,204.4,0.0,0.0,0.0,0.0,0.0
192754,3.8,5.0,238.8,12.7,57.6,1010.0,188.7,0.0,0.0,0.0,0.0,0.0
192854,3.6,5.0,243.0,12.7,58.0,1010.0,178.2,0.0,0.0,0.0,0.0,0.0
192954,2.7,4.0,242.7,12.7,58.3,1010.0,167.7,0.0,0.0,0.0,0.0,0.0
193054,3.9,5.3,238.8,12.7,57.6,1010.0,162.5,0.0,0.0,0.0,0.0,0.0
193154,4.0,5.6,225.6,12.7,58.4,1010.0,157.2,0.0,0.0,0.0,0.0,0.0
193254,2.3,3.1,231.5,12.7,58.7,1010.0,152.0,0.0,0.0,0.0,0.0,0.0
193354,2.1,3.1,271.6,12.7,58.4,1010.0,152.0,0.0,0.0,0.0,0.0,0.0
193454,1.4,2.5,211.9,12.8,58.7,1010.0,152.0,0.0,0.0,0.0,0.0,0.0
193554,2.0,3.4,269.5,12.8,58.4,1010.0,152.0,0.0,0.0,0.0,0.0,0.0
193654,2.4,3.4,209.5,12.7,58.4,1010.0,152.0,0.0,0.0,0.0,0.0,0.0
193754,2.7,3.7,213.7,12.7,58.4,1010.0,146.8,0.0,0.0,0.0,0.0,0.0
193854,3.0,4.0,215.1,12.6,58.4,1010.0,141.5,0.0,0.0,0.0,0.0,0.0
193954,2.5,3.7,209.9,12.6,59.3,1010.0,141.5,0.0,0.0,0.0,0.0,0.0
194054,3.0,4.0,262.6,12.6,58.7,1010.0,136.3,0.0,0.0,0.0,0.0,0.0
194154,2.6,3.7,250.0,12.6,58.7,1010.0,136.3,0.0,0.0,0.0,0.0,0.0
194254,3.0,3.7,214.7,12.6,58.7,1010.0,131.0,0.0,0.0,0.0,0.0,0.0
194354,1.9,2.8,218.6,12.6,58.7,1010.0,131.0,0.0,0.0,0.0,0.0,0.0
194454,1.9,2.8,285.9,12.6,59.3,1010.0,131.0,0.0,0.0,0.0,0.0,0.0
194554,1.9,2.8,251.7,12.7,59.3,1010.0,131.0,0.0,0.0,0.0,0.0,0.0
194654,2.0,2.8,253.1,12.6,59.3,1010.0,125.8,0.0,0.0,0.0,0.0,0.0
194754,1.9,2.5,253.5,12.7,59.3,1010.0,125.8,0.0,0.0,0.0,0.0,0.0
194854,1.7,2.5,270.2,12.7,59.3,1010.0,115.3,0.0,0.0,0.0,0.0,0.0
194954,2.1,4.7,244.8,12.6,59.3,1010.1,110.1,0.0,0.0,0.0,0.0,0.0
195054,2.6,4.0,225.6,12.6,59.3,1010.0,104.8,0.0,0.0,0.0,0.0,0.0
195154,3.3,4.0,254.9,12.5,59.3,1010.1,104.8,0.0,0.0,0.0,0.0,0.0
195254,2.0,3.4,236.7,12.5,60.1,1010.1,104.8,0.0,0.0,0.0,0.0,0.0
195354,1.8,2.8,231.1,12.5,60.1,1010.1,104.8,0.0,0.0,0.0,0.0,0.0
195454,1.6,2.5,248.9,12.5,60.1,1010.1,99.6,0.0,0.0,0.0,0.0,0.0
195554,1.5,2.2,211.2,12.6,60.1,1010.1,99.6,0.0,0.0,0.0,0.0,0.0
195654,2.3,3.1,244.4,12.5,60.1,1010.1,89.1,0.0,0.0,0.0,0.0,0.0
195754,1.9,2.8,217.9,12.5,60.1,1010.0,89.1,0.0,0.0,0.0,0.0,0.0
195854,2.7,4.0,209.5,12.5,60.1,1010.0,83.8,0.0,0.0,0.0,0.0,0.0
195954,2.8,3.7,213.0,12.5,60.3,1010.0,83.8,0.0,0.0,0.0,0.0,0.0
200054,2.5,3.1,233.2,12.5,60.3,1010.0,89.1,0.0,0.0,0.0,0.0,0.0
200154,2.3,3.1,238.1,12.4,60.3,1010.0,89.1,0.0,0.0,0.0,0.0,0.0
200254,1.8,2.5,208.5,12.4,60.9,1010.0,94.3,0.0,0.0,0.0,0.0,0.0
200354,1.4,2.5,238.8,12.4,60.9,1010.0,94.3,0.0,0.0,0.0,0.0,0.0
200454,0.9,1.6,188.9,12.5,60.9,1010.0,99.6,0.0,0.0,0.0,0.0,0.0
200554,1.3,1.9,229.7,12.5,61.3,1010.0,94.3,0.0,0.0,0.0,0.0,0.0
200654,1.4,2.2,244.1,12.5,60.9,1010.0,94.3,0.0,0.0,0.0,0.0,0.0
200754,0.9,1.9,181.6,12.5,60.9,1010.0,89.1,0.0,0.0,0.0,0.0,0.0
200854,1.2,1.9,187.9,12.5,60.9,1010.0,89.1,0.0,0.0,0.0,0.0,0.0
200954,1.6,2.2,197.3,12.4,60.9,1010.0,89.1,0.0,0.0,0.0,0.0,0.0
201054,1.5,1.9,192.8,12.4,60.9,1010.0,89.1,0.0,0.0,0.0,0.0,0.0
201154,1.1,1.6,206.0,12.4,60.9,1010.0,94.3,0.0,0.0,0.0,0.0,0.0
201254,0.9,1.6,207.1,12.4,61.7,1010.0,99.6,0.0,0.0,0.0,0.0,0.0
201354,1.7,2.5,206.0,12.4,61.7,1010.0,94.3,0.0,0.0,0.0,0.0,0.0
201454,2.6,3.1,223.1,12.4,60.9,1010.0,94.3,0.0,0.0,0.0,0.0,0.0
201554,2.1,3.1,211.6,12.4,60.9,1010.0,94.3,0.0,0.0,0.0,0.0,0.0
201654,1.9,2.5,206.0,12.3,61.7,1010.0,89.1,0.0,0.0,0.0,0.0,0.0
201754,1.7,2.2,194.8,12.4,61.7,1010.0,89.1,0.0,0.0,0.0,0.0,0.0
201854,2.6,4.0,200.8,12.3,61.7,1010.0,89.1,0.0,0.0,0.0,0.0,0.0
201954,3.3,4.0,217.9,12.3,61.9,1010.1,89.1,0.0,0.0,0.0,0.0,0.0
202054,2.2,3.4,201.5,12.3,62.5,1010.0,89.1,0.0,0.0,0.0,0.0,0.0
202154,2.2,3.1,176.3,12.3,62.5,1010.1,89.1,0.0,0.0,0.0,0.0,0.0
202254,2.0,2.8,201.8,12.3,63.3,1010.0,89.1,0.0,0.0,0.0,0.0,0.0
202354,1.9,2.5,211.6,12.3,63.3,1010.0,89.1,0.0,0.0,0.0,0.0,0.0
202454,3.1,3.7,201.1,12.3,62.5,1010.0,94.3,0.0,0.0,0.0,0.0,0.0
202554,3.3,4.4,204.3,12.3,62.5,1010.0,94.3,0.0,0.0,0.0,0.0,0.0
202654,3.5,5.0,207.8,12.3,62.5,1010.1,89.1,0.0,0.0,0.0,0.0,0.0
202754,2.6,3.7,194.1,12.3,62.5,1010.1,89.1,0.0,0.0,0.0,0.0,0.0
202854,3.0,3.7,206.0,12.3,62.5,1010.1,89.1,0.0,0.0,0.0,0.0,0.0
202954,2.9,4.0,230.1,12.3,63.2,1010.1,83.8,0.0,0.0,0.0,0.0,0.0
203054,2.2,3.1,213.7,12.3,63.2,1010.0,83.8,0.0,0.0,0.0,0.0,0.0
203154,3.2,3.7,227.0,12.3,62.5,1010.0,78.6,0.0,0.0,0.0,0.0,0.0
203254,3.0,4.0,224.5,12.3,61.9,1010.0,78.6,0.0,0.0,0.0,0.0,0.0
203354,3.0,3.7,213.0,12.3,61.9,1010.0,73.3,0.0,0.0,0.0,0.0,0.0
203454,3.0,3.7,217.5,12.3,62.5,1010.0,68.1,0.0,0.0,0.0,0.0,0.0
203554,3.8,4.7,222.1,12.3,61.7,1010.1,68.1,0.0,0.0,0.0,0.0,0.0
203654,3.7,4.7,227.0,12.3,61.7,1010.0,62.9,0.0,0.0,0.0,0.0,0.0
203754,3.2,4.4,232.5,12.3,61.9,1010.1,62.9,0.0,0.0,0.0,0.0,0.0
203854,3.4,4.7,233.2,12.3,61.7,1010.0,62.9,0.0,0.0,0.0,0.0,0.0
203954,3.6,4.7,222.4,12.3,61.9,1010.0,57.6,0.0,0.0,0.0,0.0,0.0
204054,3.3,4.4,254.2,12.3,61.9,1010.1,57.6,0.0,0.0,0.0,0.0,0.0
204154,3.4,4.7,239.2,12.3,62.5,1010.0,62.9,0.0,0.0,0.0,0.0,0.0
204254,4.4,5.3,238.8,12.3,61.7,1010.0,68.1,0.0,0.0,0.0,0.0,0.0
204354,4.6,6.5,244.1,12.3,60.9,1010.1,68.1,0.0,0.0,0.0,0.0,0.0
204454,3.3,4.7,255.6,12.3,60.9,1010.1,62.9,0.0,0.0,0.0,0.0,0.0
204554,3.0,4.4,248.6,12.3,61.3,1010.1,62.9,0.0,0.0,0.0,0.0,0.0
204654,2.7,4.0,222.8,12.3,61.7,1010.0,62.9,0.0,0.0,0.0,0.0,0.0
204754,3.5,5.3,211.9,12.3,61.6,1010.0,62.9,0.0,0.0,0.0,0.0,0.0
204854,3.7,4.7,232.5,12.3,61.7,1010.0,62.9,0.0,0.0,0.0,0.0,0.0
204954,3.8,5.3,218.2,12.3,61.7,1010.1,57.6,0.0,0.0,0.0,0.0,0.0
205054,4.2,5.6,224.9,12.3,61.7,1010.0,57.6,0.0,0.0,0.0,0.0,0.0
205154,4.3,5.3,227.7,12.3,61.7,1010.0,57.6,0.0,0.0,0.0,0.0,0.0
205254,4.4,5.6,231.1,12.2,61.9,1010.1,57.6,0.0,0.0,0.0,0.0,0.0
205354,3.9,5.0,222.1,12.2,62.5,1010.0,52.4,0.0,0.0,0.0,0.0,0.0
205454,3.7,5.0,223.8,12.2,62.5,1010.1,52.4,0.0,0.0,0.0,0.0,0.0
205554,3.8,5.3,228.0,12.2,62.5,1010.1,52.4,0.0,0.0,0.0,0.0,0.0
205654,2.8,4.4,206.7,12.2,62.5,1010.1,52.4,0.0,0.0,0.0,0.0,0.0
205754,3.0,4.4,204.3,12.2,63.3,1010.1,52.4,0.0,0.0,0.0,0.0,0.0
205854,3.6,5.0,208.8,12.2,63.3,1010.1,52.4,0.0,0.0,0.0,0.0,0.0
205954,3.0,3.7,217.2,12.2,63.2,1010.1,52.4,0.0,0.0,0.0,0.0,0.0
210054,2.9,3.7,199.7,12.1,62.5,1010.1,52.4,0.0,0.0,0.0,0.0,0.0
210154,3.0,3.7,210.9,12.1,63.2,1010.1,52.4,0.0,0.0,0.0,0.0,0.0
210254,2.6,4.0,192.8,12.1,63.3,1010.1,57.6,0.0,0.0,0.0,0.0,0.0
210354,2.9,4.4,196.9,12.1,62.5,1010.1,62.9,0.0,0.0,0.0,0.0,0.0
210454,3.0,4.0,181.2,12.1,63.2,1010.1,68.1,0.0,0.0,0.0,0.0,0.0
210554,3.4,4.0,195.9,12.1,62.5,1010.1,68.1,0.0,0.0,0.0,0.0,0.0
210654,2.6,4.4,173.9,12.1,62.5,1010.1,62.9,0.0,0.0,0.0,0.0,0.0
210754,2.2,2.8,214.0,12.1,63.3,1010.1,62.9,0.0,0.0,0.0,0.0,0.0
210854,2.8,4.4,189.6,12.1,63.2,1010.1,57.6,0.0,0.0,0.0,0.0,0.0
210954,2.8,4.0,217.5,12.1,63.3,1010.1,57.6,0.0,0.0,0.0,0.0,0.0
211054,2.5,3.4,200.4,12.1,63.3,1010.0,57.6,0.0,0.0,0.0,0.0,0.0
211154,2.6,3.7,179.5,12.1,63.3,1010.1,57.6,0.0,0.0,0.0,0.0,0.0
211254,2.7,3.4,209.9,12.1,63.3,1010.1,57.6,0.0,0.0,0.0,0.0,0.0
211354,2.3,3.1,211.9,12.0,63.3,1010.1,57.6,0.0,0.0,0.0,0.0,0.0
211454,1.9,2.8,217.9,12.1,63.5,1010.1,57.6,0.0,0.0,0.0,0.0,0.0
211554,2.4,2.8,199.7,12.1,63.5,1010.1,52.4,0.0,0.0,0.0,0.0,0.0
211654,2.6,3.4,212.3,12.0,63.3,1010.1,52.4,0.0,0.0,0.0,0.0,0.0
211754,3.2,3.7,217.9,12.0,63.3,1010.1,52.4,0.0,0.0,0.0,0.0,0.0
211854,2.7,3.7,213.0,12.0,63.5,1010.1,47.1,0.0,0.0,0.0,0.0,0.0
211954,2.8,3.4,221.0,12.0,63.5,1010.1,47.1,0.0,0.0,0.0,0.0,0.0
212054,3.6,5.0,214.0,12.0,64.1,1010.1,47.1,0.0,0.0,0.0,0.0,0.0
212154,3.7,4.7,218.2,11.9,64.1,1010.1,47.1,0.0,0.0,0.0,0.0,0.0
212254,2.8,4.4,209.5,11.9,63.5,1010.1,47.1,0.0,0.0,0.0,0.0,0.0
212354,3.1,4.0,219.3,12.0,63.5,1010.1,47.1,0.0,0.0,0.0,0.0,0.0
212454,2.7,3.4,214.0,12.0,64.1,1010.1,47.1,0.0,0.0,0.0,0.0,0.0
212554,2.0,3.1,196.6,11.9,64.5,1010.1,47.1,0.0,0.0,0.0,0.0,0.0
212654,3.3,4.4,194.1,11.9,63.5,1010.1,47.1,0.0,0.0,0.0,0.0,0.0
212754,3.5,4.7,209.2,11.9,64.1,1010.0,47.1,0.0,0.0,0.0,0.0,0.0
212854,4.2,5.9,245.5,11.9,63.3,1010.0,47.1,0.0,0.0,0.0,0.0,0.0
212954,4.0,5.6,218.2,11.9,63.3,1010.1,47.1,0.0,0.0,0.0,0.0,0.0
213054,2.7,4.4,225.2,11.9,63.5,1010.1,47.1,0.0,0.0,0.0,0.0,0.0
213154,2.9,3.7,221.7,11.9,64.1,1010.1,47.1,0.0,0.0,0.0,0.0,0.0
213254,3.3,5.0,229.4,11.8,63.5,1010.1,47.1,0.0,0.0,0.0,0.0,0.0
213354,3.0,4.0,250.3,11.8,64.1,1010.1,41.9,0.0,0.0,0.0,0.0,0.0
213454,3.0,4.4,218.6,11.8,64.1,1010.1,41.9,0.0,0.0,0.0,0.0,0.0
213554,4.4,6.2,242.0,11.8,63.3,1010.1,41.9,0.0,0.0,0.0,0.0,0.0
213654,3.3,5.0,242.0,11.9,63.3,1010.1,41.9,0.0,0.0,0.0,0.0,0.0
213754,4.3,5.6,224.5,11.9,61.9,1010.1,41.9,0.0,0.0,0.0,0.0,0.0
213854,4.7,6.5,217.2,11.9,62.5,1010.0,41.9,0.0,0.0,0.0,0.0,0.0
213954,4.1,5.9,228.0,11.9,61.9,1010.1,41.9,0.0,0.0,0.0,0.0,0.0
214054,2.6,3.7,213.0,12.0,61.9,1010.1,36.6,0.0,0.0,0.0,0.0,0.0
214154,2.7,4.4,222.1,12.0,62.5,1010.1,36.6,0.0,0.0,0.0,0.0,0.0
214254,3.2,5.0,214.4,12.0,61.9,1010.1,36.6,0.0,0.0,0.0,0.0,0.0
214354,4.1,6.5,211.6,12.0,61.7,1010.1,36.6,0.0,0.0,0.0,0.0,0.0
214454,4.0,6.5,225.2,12.0,61.7,1010.1,36.6,0.0,0.0,0.0,0.0,0.0
214554,3.3,5.0,227.7,12.0,61.7,1010.1,36.6,0.0,0.0,0.0,0.0,0.0
214654,3.9,5.3,247.2,12.0,61.7,1010.1,36.6,0.0,0.0,0.0,0.0,0.0
214754,3.2,4.7,227.0,12.0,61.7,1010.1,36.6,0.0,0.0,0.0,0.0,0.0
214854,4.4,5.6,231.1,12.0,61.7,1010.1,31.4,0.0,0.0,0.0,0.0,0.0
214954,2.6,4.0,223.8,12.0,61.7,1010.1,31.4,0.0,0.0,0.0,0.0,0.0
215054,2.9,3.7,191.4,11.9,61.7,1010.3,31.4,0.0,0.0,0.0,0.0,0.0
215154,3.0,5.0,209.2,11.9,61.9,1010.1,26.1,0.0,0.0,0.0,0.0,0.0
215254,3.5,4.4,216.8,11.9,62.5,1010.1,26.1,0.0,0.0,0.0,0.0,0.0
215354,3.8,5.0,223.5,11.8,62.5,1010.3,26.1,0.0,0.0,0.0,0.0,0.0
215454,3.3,4.4,220.0,11.9,62.5,1010.3,26.1,0.0,0.0,0.0,0.0,0.0
215554,2.6,3.1,224.9,11.8,62.5,1010.3,26.1,0.0,0.0,0.0,0.0,0.0
215654,2.1,3.4,271.3,11.9,63.2,1010.3,20.9,0.0,0.0,0.0,0.0,0.0
215754,1.9,2.8,244.4,11.8,63.3,1010.3,20.9,0.0,0.0,0.0,0.0,0.0
215854,1.9,3.1,216.1,11.8,63.3,1010.3,15.7,0.0,0.0,0.0,0.0,0.0
215954,2.1,2.8,215.1,11.8,64.1,1010.3,15.7,0.0,0.0,0.0,0.0,0.0
220054,2.8,3.7,248.2,11.8,64.1,1010.3,20.9,0.0,0.0,0.0,0.0,0.0
220154,2.8,4.7,228.0,11.7,64.1,1010.3,20.9,0.0,0.0,0.0,0.0,0.0
220254,2.9,4.0,236.0,11.7,64.1,1010.3,20.9,0.0,0.0,0.0,0.0,0.0
220354,3.2,4.0,228.7,11.7,64.9,1010.3,20.9,0.0,0.0,0.0,0.0,0.0
220454,2.7,4.0,213.0,11.6,64.9,1010.3,15.7,0.0,0.0,0.0,0.0,0.0
220554,2.7,4.0,235.3,11.6,64.9,1010.3,15.7,0.0,0.0,0.0,0.0,0.0
220654,2.2,3.4,226.3,11.6,64.9,1010.3,15.7,0.0,0.0,0.0,0.0,0.0
220754,3.0,4.4,235.7,11.6,64.9,1010.3,15.7,0.0,0.0,0.0,0.0,0.0
220854,3.0,4.0,221.4,11.6,64.9,1010.3,15.7,0.0,0.0,0.0,0.0,0.0
220954,3.1,4.7,227.3,11.5,64.9,1010.3,10.4,0.0,0.0,0.0,0.0,0.0
221054,2.8,3.7,194.1,11.5,65.1,1010.3,10.4,0.0,0.0,0.0,0.0,0.0
221154,2.6,3.4,193.8,11.4,65.7,1010.3,10.4,0.0,0.0,0.0,0.0,0.0
221254,2.1,2.8,222.1,11.4,66.6,1010.3,5.2,0.0,0.0,0.0,0.0,0.0
221354,2.5,3.4,209.5,11.3,66.6,1010.3,5.2,0.0,0.0,0.0,0.0,0.0
221454,3.6,5.0,216.1,11.3,66.8,1010.3,5.2,0.0,0.0,0.0,0.0,0.0
221554,3.0,4.0,218.9,11.3,67.4,1010.3,5.2,0.0,0.0,0.0,0.0,0.0
221654,2.3,2.8,206.4,11.2,68.2,1010.3,5.2,0.0,0.0,0.0,0.0,0.0
221754,2.9,4.4,221.7,11.2,68.2,1010.3,10.4,0.0,0.0,0.0,0.0,0.0
221854,3.3,5.3,216.5,11.1,68.2,1010.3,10.4,0.0,0.0,0.0,0.0,0.0
221954,3.7,4.7,210.2,11.1,68.2,1010.3,10.4,0.0,0.0,0.0,0.0,0.0
222054,2.6,3.4,223.1,11.1,68.4,1010.3,10.4,0.0,0.0,0.0,0.0,0.0
222154,2.4,3.7,200.8,11.1,69.0,1010.3,15.7,0.0,0.0,0.0,0.0,0.0
222254,2.7,3.7,209.2,11.1,69.0,1010.3,15.7,0.0,0.0,0.0,0.0,0.0
222354,1.6,2.8,230.8,11.1,69.0,1010.3,15.7,0.0,0.0,0.0,0.0,0.0
222454,2.6,4.0,223.8,11.1,69.0,1010.3,15.7,0.0,0.0,0.0,0.0,0.0
222554,2.6,4.0,209.5,11.1,69.4,1010.3,15.7,0.0,0.0,0.0,0.0,0.0
222654,3.1,4.4,224.9,11.0,69.0,1010.3,10.4,0.0,0.0,0.0,0.0,0.0
222754,2.8,3.7,230.8,11.0,69.8,1010.3,10.4,0.0,0.0,0.0,0.0,0.0
222854,2.6,3.7,209.9,11.0,69.8,1010.3,10.4,0.0,0.0,0.0,0.0,0.0
222954,2.6,4.0,204.3,11.0,69.8,1010.3,10.4,0.0,0.0,0.0,0.0,0.0
223054,3.0,3.7,219.6,11.0,69.8,1010.3,5.2,0.0,0.0,0.0,0.0,0.0
223154,2.6,3.7,203.9,11.0,70.0,1010.3,10.4,0.0,0.0,0.0,0.0,0.0
223254,2.3,3.1,207.8,11.0,70.6,1010.3,10.4,0.0,0.0,0.0,0.0,0.0
223354,3.2,4.0,228.7,11.0,70.0,1010.3,10.4,0.0,0.0,0.0,0.0,0.0
223454,2.3,3.4,251.4,11.0,70.6,1010.3,15.7,0.0,0.0,0.0,0.0,0.0
223554,2.2,3.4,211.9,11.0,70.6,1010.3,15.7,0.0,0.0,0.0,0.0,0.0
223654,3.0,3.7,218.6,11.0,70.6,1010.3,15.7,0.0,0.0,0.0,0.0,0.0
223754,2.6,3.1,216.8,11.0,70.6,1010.3,15.7,0.0,0.0,0.0,0.0,0.0
223854,2.2,3.1,177.7,11.0,70.6,1010.3,15.7,0.0,0.0,0.0,0.0,0.0
223954,2.3,2.8,198.0,11.0,71.0,1010.3,15.7,0.0,0.0,0.0,0.0,0.0
224054,2.2,2.8,194.5,11.0,71.3,1010.3,15.7,0.0,0.0,0.0,0.0,0.0
224154,2.2,2.8,204.6,11.0,71.3,1010.3,15.7,0.0,0.0,0.0,0.0,0.0
224254,1.8,2.5,197.6,11.0,71.4,1010.3,15.7,0.0,0.0,0.0,0.0,0.0
224354,2.6,3.1,200.1,11.0,71.3,1010.3,15.7,0.0,0.0,0.0,0.0,0.0
224454,2.6,3.4,205.0,11.0,71.3,1010.3,15.7,0.0,0.0,0.0,0.0,0.0
224554,3.0,3.7,210.2,11.0,71.4,1010.3,15.7,0.0,0.0,0.0,0.0,0.0
224654,2.7,3.4,202.9,11.0,71.4,1010.3,15.7,0.0,0.0,0.0,0.0,0.0
224754,1.9,2.5,204.3,11.0,71.4,1010.3,15.7,0.0,0.0,0.0,0.0,0.0
224854,1.9,2.8,216.1,11.0,71.4,1010.3,15.7,0.0,0.0,0.0,0.0,0.0
224954,2.1,2.5,212.6,10.9,71.4,1010.3,15.7,0.0,0.0,0.0,0.0,0.0
225054,1.9,2.2,214.7,10.9,71.6,1010.3,10.4,0.0,0.0,0.0,0.0,0.0
225154,1.9,2.5,204.3,10.9,71.6,1010.3,10.4,0.0,0.0,0.0,0.0,0.0
225254,2.1,2.8,214.0,10.9,71.6,1010.3,10.4,0.0,0.0,0.0,0.0,0.0
225354,1.8,2.2,211.6,10.9,71.6,1010.1,10.4,0.0,0.0,0.0,0.0,0.0
225454,1.7,2.2,209.9,10.9,72.2,1010.1,10.4,0.0,0.0,0.0,0.0,0.0
225554,1.4,1.9,220.7,10.9,72.2,1010.1,10.4,0.0,0.0,0.0,0.0,0.0
225654,1.7,2.2,200.4,10.9,72.2,1010.1,10.4,0.0,0.0,0.0,0.0,0.0
225754,1.9,2.5,205.3,10.9,71.6,1010.3,10.4,0.0,0.0,0.0,0.0,0.0
225854,2.3,3.1,205.3,10.9,71.4,1010.1,10.4,0.0,0.0,0.0,0.0,0.0
225954,2.4,3.1,205.3,10.9,71.4,1010.3,10.4,0.0,0.0,0.0,0.0,0.0
230054,1.9,2.8,189.6,10.9,71.4,1010.1,10.4,0.0,0.0,0.0,0.0,0.0
230154,2.2,2.5,203.6,10.9,71.4,1010.1,10.4,0.0,0.0,0.0,0.0,0.0
230254,1.9,2.5,196.9,10.9,71.4,1010.1,10.4,0.0,0.0,0.0,0.0,0.0
230354,1.2,1.9,191.7,10.9,71.4,1010.1,10.4,0.0,0.0,0.0,0.0,0.0
230454,1.6,2.5,187.9,10.9,71.4,1010.1,10.4,0.0,0.0,0.0,0.0,0.0
230554,1.6,1.9,193.1,10.9,70.6,1010.1,10.4,0.0,0.0,0.0,0.0,0.0
230654,1.4,1.9,212.3,10.9,71.3,1010.1,10.4,0.0,0.0,0.0,0.0,0.0
230754,1.8,2.2,211.9,10.9,70.6,1010.1,10.4,0.0,0.0,0.0,0.0,0.0
230854,1.8,2.5,215.8,10.9,70.6,1010.1,10.4,0.0,0.0,0.0,0.0,0.0
230954,1.8,2.5,206.7,10.9,70.6,1010.1,10.4,0.0,0.0,0.0,0.0,0.0
231054,1.7,2.2,230.4,10.9,70.6,1010.1,10.4,0.0,0.0,0.0,0.0,0.0
231154,1.2,1.9,217.5,10.9,70.6,1010.1,10.4,0.0,0.0,0.0,0.0,0.0
231254,1.0,1.6,212.6,10.8,70.6,1010.1,5.2,0.0,0.0,0.0,0.0,0.0
231354,1.1,1.6,216.8,10.8,70.6,1010.1,5.2,0.0,0.0,0.0,0.0,0.0
231454,1.0,1.6,201.5,10.8,70.6,1010.1,5.2,0.0,0.0,0.0,0.0,0.0
231554,0.8,1.2,203.6,10.8,70.6,1010.1,5.2,0.0,0.0,0.0,0.0,0.0
231654,0.7,0.9,205.0,10.8,70.6,1010.1,5.2,0.0,0.0,0.0,0.0,0.0
231754,0.9,1.2,207.1,10.7,70.6,1010.1,5.2,0.0,0.0,0.0,0.0,0.0
231854,0.9,1.2,206.7,10.7,70.6,1010.1,5.2,0.0,0.0,0.0,0.0,0.0
231954,0.5,0.9,207.1,10.7,70.6,1010.1,5.2,0.0,0.0,0.0,0.0,0.0
232054,0.4,0.6,207.8,10.7,71.3,1010.1,5.2,0.0,0.0,0.0,0.0,0.0
232154,0.4,0.6,207.8,10.7,71.3,1010.1,5.2,0.0,0.0,0.0,0.0,0.0
232254,0.5,0.9,214.7,10.7,71.3,1010.0,5.2,0.0,0.0,0.0,0.0,0.0
232354,0.8,1.2,233.2,10.7,71.4,1010.0,5.2,0.0,0.0,0.0,0.0,0.0
232454,0.6,0.9,231.8,10.7,71.4,1010.0,5.2,0.0,0.0,0.0,0.0,0.0
232554,0.8,1.6,240.2,10.7,71.4,1010.0,5.2,0.0,0.0,0.0,0.0,0.0
232654,1.0,1.6,248.2,10.7,71.4,1010.0,5.2,0.0,0.0,0.0,0.0,0.0
232754,0.9,1.2,248.6,10.7,71.4,1010.0,5.2,0.0,0.0,0.0,0.0,0.0
232854,0.4,0.6,248.6,10.7,71.4,1010.0,5.2,0.0,0.0,0.0,0.0,0.0
232954,0.8,0.9,249.3,10.6,71.4,1010.0,5.2,0.0,0.0,0.0,0.0,0.0
233054,0.5,0.9,249.3,10.6,71.4,1010.0,5.2,0.0,0.0,0.0,0.0,0.0
233154,0.5,0.9,247.2,10.6,71.4,1010.0,5.2,0.0,0.0,0.0,0.0,0.0
233254,0.5,0.9,247.5,10.6,71.4,1010.0,5.2,0.0,0.0,0.0,0.0,0.0
233354,0.7,0.9,247.5,10.6,71.4,1010.0,5.2,0.0,0.0,0.0,0.0,0.0
233454,0.5,0.9,247.2,10.6,71.4,1010.0,5.2,0.0,0.0,0.0,0.0,0.0
233554,0.6,0.9,250.0,10.5,72.2,1010.0,5.2,0.0,0.0,0.0,0.0,0.0
233654,0.5,0.9,250.7,10.5,72.2,1010.0,5.2,0.0,0.0,0.0,0.0,0.0
233754,0.7,0.9,254.5,10.5,72.2,1010.0,5.2,0.0,0.0,0.0,0.0,0.0
233854,0.7,1.2,253.5,10.4,72.2,1010.0,5.2,0.0,0.0,0.0,0.0,0.0
233954,0.7,0.9,253.8,10.4,72.2,1010.0,5.2,0.0,0.0,0.0,0.0,0.0
234054,0.5,0.9,253.1,10.4,72.2,1010.0,5.2,0.0,0.0,0.0,0.0,0.0
234154,0.7,0.9,253.8,10.4,72.2,1010.0,5.2,0.0,0.0,0.0,0.0,0.0
234254,0.5,0.6,253.1,10.3,72.6,1010.0,5.2,0.0,0.0,0.0,0.0,0.0
234354,0.7,0.9,251.0,10.3,72.2,1010.0,5.2,0.0,0.0,0.0,0.0,0.0
234454,0.5,0.9,248.2,10.3,72.2,1010.0,5.2,0.0,0.0,0.0,0.0,0.0
234554,0.5,0.9,246.5,10.3,72.2,1010.0,5.2,0.0,0.0,0.0,0.0,0.0
234654,0.5,0.9,246.5,10.3,72.2,1010.0,5.2,0.0,0.0,0.0,0.0,0.0
234754,0.6,0.9,240.9,10.3,72.2,1010.0,5.2,0.0,0.0,0.0,0.0,0.0
234854,0.6,0.9,240.2,10.3,72.2,1010.0,5.2,0.0,0.0,0.0,0.0,0.0
234954,0.5,0.9,240.9,10.3,72.2,1010.0,5.2,0.0,0.0,0.0,0.0,0.0
235054,0.5,0.9,240.6,10.4,72.2,1010.0,5.2,0.0,0.0,0.0,0.0,0.0
235154,0.3,0.6,242.0,10.3,72.2,1010.0,5.2,0.0,0.0,0.0,0.0,0.0
235254,0.2,0.6,242.0,10.3,72.2,1010.0,5.2,0.0,0.0,0.0,0.0,0.0
235354,0.2,0.3,242.0,10.3,72.2,1010.0,5.2,0.0,0.0,0.0,0.0,0.0
235454,0.2,0.3,242.0,10.3,72.2,1010.0,5.2,0.0,0.0,0.0,0.0,0.0
235554,0.2,0.6,242.0,10.3,72.2,1010.0,5.2,0.0,0.0,0.0,0.0,0.0
235654,0.3,0.9,259.1,10.3,73.0,1010.0,5.2,0.0,0.0,0.0,0.0,0.0
235754,0.5,0.9,260.8,10.3,73.0,1010.0,5.2,0.0,0.0,0.0,0.0,0.0
235854,0.5,0.9,261.5,10.2,73.0,1010.0,5.2,0.0,0.0,0.0,0.0,0.0
235954,0.5,0.6,261.5,10.2,73.0,1010.0,5.2,0.0,0.0,0.0,0.0,0.0